STO_NR;GESGR_CAT;GESGR_DEU;WALDBILD;STANDORT;NUTZUNG_PFLEGE;VEGETATIONSSTUFE;FLAECHENANTEIL_BL;FLAECHENANTEIL_BS;FLAECHENANTEIL_BLBS;FLAECHE_BLBS_PROZENT
1;A;Wüchsige Buchenwälder der submontanen Stufe;Die Buche ist die dominante Baumart, eingestreut sind neben Esche und Bergahorn die wärmeliebenden Laubholzarten Eiche, Kirschbaum und Feldahorn.;Alle Lagen ausser extremen Kuppen und nassen Mulden. Frische bis feuchte, mässig suare bis kalkhaltige Böden (Braunerden, Rendzinen).;Die wüchsigen und ausgeglichenen Standorte sind gut geeignet für die Holzproduktion. Der Spielraum der Waldpflege ist gross, sowohl in der Baumartenwahl, als auch in der Art des Vorgehens. Praktisch alle Laubhölzer, sowie Beimischungen von Nadelhölzern sind auf diesen Standorten vielversprechend. Der Pflegeaufwand für Lichtbaumarten ist gross.;submontane Stufe;12;0;12;0.1
6;A;Wüchsige Buchenwälder der submontanen Stufe;Die Buche ist die dominante Baumart, eingestreut sind neben Esche und Bergahorn die wärmeliebenden Laubholzarten Eiche, Kirschbaum und Feldahorn.;Alle Lagen ausser extremen Kuppen und nassen Mulden. Frische bis feuchte, mässig suare bis kalkhaltige Böden (Braunerden, Rendzinen).;Die wüchsigen und ausgeglichenen Standorte sind gut geeignet für die Holzproduktion. Der Spielraum der Waldpflege ist gross, sowohl in der Baumartenwahl, als auch in der Art des Vorgehens. Praktisch alle Laubhölzer, sowie Beimischungen von Nadelhölzern sind auf diesen Standorten vielversprechend. Der Pflegeaufwand für Lichtbaumarten ist gross.;submontane Stufe;153;1;154;0.7
7a;A;Wüchsige Buchenwälder der submontanen Stufe;Die Buche ist die dominante Baumart, eingestreut sind neben Esche und Bergahorn die wärmeliebenden Laubholzarten Eiche, Kirschbaum und Feldahorn.;Alle Lagen ausser extremen Kuppen und nassen Mulden. Frische bis feuchte, mässig suare bis kalkhaltige Böden (Braunerden, Rendzinen).;Die wüchsigen und ausgeglichenen Standorte sind gut geeignet für die Holzproduktion. Der Spielraum der Waldpflege ist gross, sowohl in der Baumartenwahl, als auch in der Art des Vorgehens. Praktisch alle Laubhölzer, sowie Beimischungen von Nadelhölzern sind auf diesen Standorten vielversprechend. Der Pflegeaufwand für Lichtbaumarten ist gross.;submontane Stufe;437;90;527;2.5
7a';A;Wüchsige Buchenwälder der submontanen Stufe;Die Buche ist die dominante Baumart, eingestreut sind neben Esche und Bergahorn die wärmeliebenden Laubholzarten Eiche, Kirschbaum und Feldahorn.;Alle Lagen ausser extremen Kuppen und nassen Mulden. Frische bis feuchte, mässig suare bis kalkhaltige Böden (Braunerden, Rendzinen).;Die wüchsigen und ausgeglichenen Standorte sind gut geeignet für die Holzproduktion. Der Spielraum der Waldpflege ist gross, sowohl in der Baumartenwahl, als auch in der Art des Vorgehens. Praktisch alle Laubhölzer, sowie Beimischungen von Nadelhölzern sind auf diesen Standorten vielversprechend. Der Pflegeaufwand für Lichtbaumarten ist gross.;submontane Stufe;27;0;27;0.1
7as;A;Wüchsige Buchenwälder der submontanen Stufe;Die Buche ist die dominante Baumart, eingestreut sind neben Esche und Bergahorn die wärmeliebenden Laubholzarten Eiche, Kirschbaum und Feldahorn.;Alle Lagen ausser extremen Kuppen und nassen Mulden. Frische bis feuchte, mässig suare bis kalkhaltige Böden (Braunerden, Rendzinen).;Die wüchsigen und ausgeglichenen Standorte sind gut geeignet für die Holzproduktion. Der Spielraum der Waldpflege ist gross, sowohl in der Baumartenwahl, als auch in der Art des Vorgehens. Praktisch alle Laubhölzer, sowie Beimischungen von Nadelhölzern sind auf diesen Standorten vielversprechend. Der Pflegeaufwand für Lichtbaumarten ist gross.;submontane Stufe;106;6;112;0.5
7b;A;Wüchsige Buchenwälder der submontanen Stufe;Die Buche ist die dominante Baumart, eingestreut sind neben Esche und Bergahorn die wärmeliebenden Laubholzarten Eiche, Kirschbaum und Feldahorn.;Alle Lagen ausser extremen Kuppen und nassen Mulden. Frische bis feuchte, mässig suare bis kalkhaltige Böden (Braunerden, Rendzinen).;Die wüchsigen und ausgeglichenen Standorte sind gut geeignet für die Holzproduktion. Der Spielraum der Waldpflege ist gross, sowohl in der Baumartenwahl, als auch in der Art des Vorgehens. Praktisch alle Laubhölzer, sowie Beimischungen von Nadelhölzern sind auf diesen Standorten vielversprechend. Der Pflegeaufwand für Lichtbaumarten ist gross.;submontane Stufe;26;15;41;0.2
7bp;A;Wüchsige Buchenwälder der submontanen Stufe;Die Buche ist die dominante Baumart, eingestreut sind neben Esche und Bergahorn die wärmeliebenden Laubholzarten Eiche, Kirschbaum und Feldahorn.;Alle Lagen ausser extremen Kuppen und nassen Mulden. Frische bis feuchte, mässig suare bis kalkhaltige Böden (Braunerden, Rendzinen).;Die wüchsigen und ausgeglichenen Standorte sind gut geeignet für die Holzproduktion. Der Spielraum der Waldpflege ist gross, sowohl in der Baumartenwahl, als auch in der Art des Vorgehens. Praktisch alle Laubhölzer, sowie Beimischungen von Nadelhölzern sind auf diesen Standorten vielversprechend. Der Pflegeaufwand für Lichtbaumarten ist gross.;submontane Stufe;23;0;23;0.1
7e;A;Wüchsige Buchenwälder der submontanen Stufe;Die Buche ist die dominante Baumart, eingestreut sind neben Esche und Bergahorn die wärmeliebenden Laubholzarten Eiche, Kirschbaum und Feldahorn.;Alle Lagen ausser extremen Kuppen und nassen Mulden. Frische bis feuchte, mässig suare bis kalkhaltige Böden (Braunerden, Rendzinen).;Die wüchsigen und ausgeglichenen Standorte sind gut geeignet für die Holzproduktion. Der Spielraum der Waldpflege ist gross, sowohl in der Baumartenwahl, als auch in der Art des Vorgehens. Praktisch alle Laubhölzer, sowie Beimischungen von Nadelhölzern sind auf diesen Standorten vielversprechend. Der Pflegeaufwand für Lichtbaumarten ist gross.;submontane Stufe;476;73;549;2.7
7er;A;Wüchsige Buchenwälder der submontanen Stufe;Die Buche ist die dominante Baumart, eingestreut sind neben Esche und Bergahorn die wärmeliebenden Laubholzarten Eiche, Kirschbaum und Feldahorn.;Alle Lagen ausser extremen Kuppen und nassen Mulden. Frische bis feuchte, mässig suare bis kalkhaltige Böden (Braunerden, Rendzinen).;Die wüchsigen und ausgeglichenen Standorte sind gut geeignet für die Holzproduktion. Der Spielraum der Waldpflege ist gross, sowohl in der Baumartenwahl, als auch in der Art des Vorgehens. Praktisch alle Laubhölzer, sowie Beimischungen von Nadelhölzern sind auf diesen Standorten vielversprechend. Der Pflegeaufwand für Lichtbaumarten ist gross.;submontane Stufe;9;14;23;0.1
7f;A;Wüchsige Buchenwälder der submontanen Stufe;Die Buche ist die dominante Baumart, eingestreut sind neben Esche und Bergahorn die wärmeliebenden Laubholzarten Eiche, Kirschbaum und Feldahorn.;Alle Lagen ausser extremen Kuppen und nassen Mulden. Frische bis feuchte, mässig suare bis kalkhaltige Böden (Braunerden, Rendzinen).;Die wüchsigen und ausgeglichenen Standorte sind gut geeignet für die Holzproduktion. Der Spielraum der Waldpflege ist gross, sowohl in der Baumartenwahl, als auch in der Art des Vorgehens. Praktisch alle Laubhölzer, sowie Beimischungen von Nadelhölzern sind auf diesen Standorten vielversprechend. Der Pflegeaufwand für Lichtbaumarten ist gross.;submontane Stufe;507;37;544;2.6
7fr;A;Wüchsige Buchenwälder der submontanen Stufe;Die Buche ist die dominante Baumart, eingestreut sind neben Esche und Bergahorn die wärmeliebenden Laubholzarten Eiche, Kirschbaum und Feldahorn.;Alle Lagen ausser extremen Kuppen und nassen Mulden. Frische bis feuchte, mässig suare bis kalkhaltige Böden (Braunerden, Rendzinen).;Die wüchsigen und ausgeglichenen Standorte sind gut geeignet für die Holzproduktion. Der Spielraum der Waldpflege ist gross, sowohl in der Baumartenwahl, als auch in der Art des Vorgehens. Praktisch alle Laubhölzer, sowie Beimischungen von Nadelhölzern sind auf diesen Standorten vielversprechend. Der Pflegeaufwand für Lichtbaumarten ist gross.;submontane Stufe;31;20;51;0.2
7g;A;Wüchsige Buchenwälder der submontanen Stufe;Die Buche ist die dominante Baumart, eingestreut sind neben Esche und Bergahorn die wärmeliebenden Laubholzarten Eiche, Kirschbaum und Feldahorn.;Alle Lagen ausser extremen Kuppen und nassen Mulden. Frische bis feuchte, mässig suare bis kalkhaltige Böden (Braunerden, Rendzinen).;Die wüchsigen und ausgeglichenen Standorte sind gut geeignet für die Holzproduktion. Der Spielraum der Waldpflege ist gross, sowohl in der Baumartenwahl, als auch in der Art des Vorgehens. Praktisch alle Laubhölzer, sowie Beimischungen von Nadelhölzern sind auf diesen Standorten vielversprechend. Der Pflegeaufwand für Lichtbaumarten ist gross.;submontane Stufe;310;17;327;1.6
7j;A;Wüchsige Buchenwälder der submontanen Stufe;Die Buche ist die dominante Baumart, eingestreut sind neben Esche und Bergahorn die wärmeliebenden Laubholzarten Eiche, Kirschbaum und Feldahorn.;Alle Lagen ausser extremen Kuppen und nassen Mulden. Frische bis feuchte, mässig suare bis kalkhaltige Böden (Braunerden, Rendzinen).;Die wüchsigen und ausgeglichenen Standorte sind gut geeignet für die Holzproduktion. Der Spielraum der Waldpflege ist gross, sowohl in der Baumartenwahl, als auch in der Art des Vorgehens. Praktisch alle Laubhölzer, sowie Beimischungen von Nadelhölzern sind auf diesen Standorten vielversprechend. Der Pflegeaufwand für Lichtbaumarten ist gross.;submontane Stufe;649;0;649;3.1
9a;A;Wüchsige Buchenwälder der submontanen Stufe;Die Buche ist die dominante Baumart, eingestreut sind neben Esche und Bergahorn die wärmeliebenden Laubholzarten Eiche, Kirschbaum und Feldahorn.;Alle Lagen ausser extremen Kuppen und nassen Mulden. Frische bis feuchte, mässig suare bis kalkhaltige Böden (Braunerden, Rendzinen).;Die wüchsigen und ausgeglichenen Standorte sind gut geeignet für die Holzproduktion. Der Spielraum der Waldpflege ist gross, sowohl in der Baumartenwahl, als auch in der Art des Vorgehens. Praktisch alle Laubhölzer, sowie Beimischungen von Nadelhölzern sind auf diesen Standorten vielversprechend. Der Pflegeaufwand für Lichtbaumarten ist gross.;submontane Stufe;4491;17;4508;21.8
9b;A;Wüchsige Buchenwälder der submontanen Stufe;Die Buche ist die dominante Baumart, eingestreut sind neben Esche und Bergahorn die wärmeliebenden Laubholzarten Eiche, Kirschbaum und Feldahorn.;Alle Lagen ausser extremen Kuppen und nassen Mulden. Frische bis feuchte, mässig suare bis kalkhaltige Böden (Braunerden, Rendzinen).;Die wüchsigen und ausgeglichenen Standorte sind gut geeignet für die Holzproduktion. Der Spielraum der Waldpflege ist gross, sowohl in der Baumartenwahl, als auch in der Art des Vorgehens. Praktisch alle Laubhölzer, sowie Beimischungen von Nadelhölzern sind auf diesen Standorten vielversprechend. Der Pflegeaufwand für Lichtbaumarten ist gross.;submontane Stufe;187;0;187;0.9
9g;A;Wüchsige Buchenwälder der submontanen Stufe;Die Buche ist die dominante Baumart, eingestreut sind neben Esche und Bergahorn die wärmeliebenden Laubholzarten Eiche, Kirschbaum und Feldahorn.;Alle Lagen ausser extremen Kuppen und nassen Mulden. Frische bis feuchte, mässig suare bis kalkhaltige Böden (Braunerden, Rendzinen).;Die wüchsigen und ausgeglichenen Standorte sind gut geeignet für die Holzproduktion. Der Spielraum der Waldpflege ist gross, sowohl in der Baumartenwahl, als auch in der Art des Vorgehens. Praktisch alle Laubhölzer, sowie Beimischungen von Nadelhölzern sind auf diesen Standorten vielversprechend. Der Pflegeaufwand für Lichtbaumarten ist gross.;submontane Stufe;259;1;260;1.3
9w;A;Wüchsige Buchenwälder der submontanen Stufe;Die Buche ist die dominante Baumart, eingestreut sind neben Esche und Bergahorn die wärmeliebenden Laubholzarten Eiche, Kirschbaum und Feldahorn.;Alle Lagen ausser extremen Kuppen und nassen Mulden. Frische bis feuchte, mässig suare bis kalkhaltige Böden (Braunerden, Rendzinen).;Die wüchsigen und ausgeglichenen Standorte sind gut geeignet für die Holzproduktion. Der Spielraum der Waldpflege ist gross, sowohl in der Baumartenwahl, als auch in der Art des Vorgehens. Praktisch alle Laubhölzer, sowie Beimischungen von Nadelhölzern sind auf diesen Standorten vielversprechend. Der Pflegeaufwand für Lichtbaumarten ist gross.;submontane Stufe;363;0;363;1.8
11;A;Wüchsige Buchenwälder der submontanen Stufe;Die Buche ist die dominante Baumart, eingestreut sind neben Esche und Bergahorn die wärmeliebenden Laubholzarten Eiche, Kirschbaum und Feldahorn.;Alle Lagen ausser extremen Kuppen und nassen Mulden. Frische bis feuchte, mässig suare bis kalkhaltige Böden (Braunerden, Rendzinen).;Die wüchsigen und ausgeglichenen Standorte sind gut geeignet für die Holzproduktion. Der Spielraum der Waldpflege ist gross, sowohl in der Baumartenwahl, als auch in der Art des Vorgehens. Praktisch alle Laubhölzer, sowie Beimischungen von Nadelhölzern sind auf diesen Standorten vielversprechend. Der Pflegeaufwand für Lichtbaumarten ist gross.;submontane Stufe;806;4;810;3.9
1t;B;Buchenmischwälder am Übergang von submontaner zur kollinen Stufe;Die Buche spielt hier zwar eine wesentliche Rolle, findet aber der geringen Niederschläge wegen keine optimale Bedingungen vor. Die wärmeliebenden Laubbäume sind deshalb ein wesentlicher Bestandteil dieser Wälder. Es bestehen kaum pflanzensoziologische Unterschiede zu den submontanen Buchenwälder.;Alle Lagen ausser nassen Mulden. Tiefgründige, frische bis feuchte, im Allgemeinen gut nährstoffversorgte Lösslehmböden (Braunerden).;Eichen und Hagenbuchen können leicht zur Dominanz gebracht werden. Ausser für die Föhre sind die Bedingungen ungünstig für Nadelhölzer.;Übergang zwischen colliner und submontaner Stufe ;2;0;2;-
6t;B;Buchenmischwälder am Übergang von submontaner zur kollinen Stufe;Die Buche spielt hier zwar eine wesentliche Rolle, findet aber der geringen Niederschläge wegen keine optimale Bedingungen vor. Die wärmeliebenden Laubbäume sind deshalb ein wesentlicher Bestandteil dieser Wälder. Es bestehen kaum pflanzensoziologische Unterschiede zu den submontanen Buchenwälder.;Alle Lagen ausser nassen Mulden. Tiefgründige, frische bis feuchte, im Allgemeinen gut nährstoffversorgte Lösslehmböden (Braunerden).;Eichen und Hagenbuchen können leicht zur Dominanz gebracht werden. Ausser für die Föhre sind die Bedingungen ungünstig für Nadelhölzer.;Übergang zwischen colliner und submontaner Stufe ;4;0;4;-
7ta;B;Buchenmischwälder am Übergang von submontaner zur kollinen Stufe;Die Buche spielt hier zwar eine wesentliche Rolle, findet aber der geringen Niederschläge wegen keine optimale Bedingungen vor. Die wärmeliebenden Laubbäume sind deshalb ein wesentlicher Bestandteil dieser Wälder. Es bestehen kaum pflanzensoziologische Unterschiede zu den submontanen Buchenwälder.;Alle Lagen ausser nassen Mulden. Tiefgründige, frische bis feuchte, im Allgemeinen gut nährstoffversorgte Lösslehmböden (Braunerden).;Eichen und Hagenbuchen können leicht zur Dominanz gebracht werden. Ausser für die Föhre sind die Bedingungen ungünstig für Nadelhölzer.;Übergang zwischen colliner und submontaner Stufe ;111;8;119;0.6
7ta';B;Buchenmischwälder am Übergang von submontaner zur kollinen Stufe;Die Buche spielt hier zwar eine wesentliche Rolle, findet aber der geringen Niederschläge wegen keine optimale Bedingungen vor. Die wärmeliebenden Laubbäume sind deshalb ein wesentlicher Bestandteil dieser Wälder. Es bestehen kaum pflanzensoziologische Unterschiede zu den submontanen Buchenwälder.;Alle Lagen ausser nassen Mulden. Tiefgründige, frische bis feuchte, im Allgemeinen gut nährstoffversorgte Lösslehmböden (Braunerden).;Eichen und Hagenbuchen können leicht zur Dominanz gebracht werden. Ausser für die Föhre sind die Bedingungen ungünstig für Nadelhölzer.;Übergang zwischen colliner und submontaner Stufe ;10;1;11;0.1
7td;B;Buchenmischwälder am Übergang von submontaner zur kollinen Stufe;Die Buche spielt hier zwar eine wesentliche Rolle, findet aber der geringen Niederschläge wegen keine optimale Bedingungen vor. Die wärmeliebenden Laubbäume sind deshalb ein wesentlicher Bestandteil dieser Wälder. Es bestehen kaum pflanzensoziologische Unterschiede zu den submontanen Buchenwälder.;Alle Lagen ausser nassen Mulden. Tiefgründige, frische bis feuchte, im Allgemeinen gut nährstoffversorgte Lösslehmböden (Braunerden).;Eichen und Hagenbuchen können leicht zur Dominanz gebracht werden. Ausser für die Föhre sind die Bedingungen ungünstig für Nadelhölzer.;Übergang zwischen colliner und submontaner Stufe ;79;0;79;0.4
7te;B;Buchenmischwälder am Übergang von submontaner zur kollinen Stufe;Die Buche spielt hier zwar eine wesentliche Rolle, findet aber der geringen Niederschläge wegen keine optimale Bedingungen vor. Die wärmeliebenden Laubbäume sind deshalb ein wesentlicher Bestandteil dieser Wälder. Es bestehen kaum pflanzensoziologische Unterschiede zu den submontanen Buchenwälder.;Alle Lagen ausser nassen Mulden. Tiefgründige, frische bis feuchte, im Allgemeinen gut nährstoffversorgte Lösslehmböden (Braunerden).;Eichen und Hagenbuchen können leicht zur Dominanz gebracht werden. Ausser für die Föhre sind die Bedingungen ungünstig für Nadelhölzer.;Übergang zwischen colliner und submontaner Stufe ;21;12;33;0.2
7ter;B;Buchenmischwälder am Übergang von submontaner zur kollinen Stufe;Die Buche spielt hier zwar eine wesentliche Rolle, findet aber der geringen Niederschläge wegen keine optimale Bedingungen vor. Die wärmeliebenden Laubbäume sind deshalb ein wesentlicher Bestandteil dieser Wälder. Es bestehen kaum pflanzensoziologische Unterschiede zu den submontanen Buchenwälder.;Alle Lagen ausser nassen Mulden. Tiefgründige, frische bis feuchte, im Allgemeinen gut nährstoffversorgte Lösslehmböden (Braunerden).;Eichen und Hagenbuchen können leicht zur Dominanz gebracht werden. Ausser für die Föhre sind die Bedingungen ungünstig für Nadelhölzer.;Übergang zwischen colliner und submontaner Stufe ;44;2;46;0.2
7tf;B;Buchenmischwälder am Übergang von submontaner zur kollinen Stufe;Die Buche spielt hier zwar eine wesentliche Rolle, findet aber der geringen Niederschläge wegen keine optimale Bedingungen vor. Die wärmeliebenden Laubbäume sind deshalb ein wesentlicher Bestandteil dieser Wälder. Es bestehen kaum pflanzensoziologische Unterschiede zu den submontanen Buchenwälder.;Alle Lagen ausser nassen Mulden. Tiefgründige, frische bis feuchte, im Allgemeinen gut nährstoffversorgte Lösslehmböden (Braunerden).;Eichen und Hagenbuchen können leicht zur Dominanz gebracht werden. Ausser für die Föhre sind die Bedingungen ungünstig für Nadelhölzer.;Übergang zwischen colliner und submontaner Stufe ;146;3;149;0.7
7tfr;B;Buchenmischwälder am Übergang von submontaner zur kollinen Stufe;Die Buche spielt hier zwar eine wesentliche Rolle, findet aber der geringen Niederschläge wegen keine optimale Bedingungen vor. Die wärmeliebenden Laubbäume sind deshalb ein wesentlicher Bestandteil dieser Wälder. Es bestehen kaum pflanzensoziologische Unterschiede zu den submontanen Buchenwälder.;Alle Lagen ausser nassen Mulden. Tiefgründige, frische bis feuchte, im Allgemeinen gut nährstoffversorgte Lösslehmböden (Braunerden).;Eichen und Hagenbuchen können leicht zur Dominanz gebracht werden. Ausser für die Föhre sind die Bedingungen ungünstig für Nadelhölzer.;Übergang zwischen colliner und submontaner Stufe ;85;3;88;0.4
7tg;B;Buchenmischwälder am Übergang von submontaner zur kollinen Stufe;Die Buche spielt hier zwar eine wesentliche Rolle, findet aber der geringen Niederschläge wegen keine optimale Bedingungen vor. Die wärmeliebenden Laubbäume sind deshalb ein wesentlicher Bestandteil dieser Wälder. Es bestehen kaum pflanzensoziologische Unterschiede zu den submontanen Buchenwälder.;Alle Lagen ausser nassen Mulden. Tiefgründige, frische bis feuchte, im Allgemeinen gut nährstoffversorgte Lösslehmböden (Braunerden).;Eichen und Hagenbuchen können leicht zur Dominanz gebracht werden. Ausser für die Föhre sind die Bedingungen ungünstig für Nadelhölzer.;Übergang zwischen colliner und submontaner Stufe ;74;2;76;0.4
9t;B;Buchenmischwälder am Übergang von submontaner zur kollinen Stufe;Die Buche spielt hier zwar eine wesentliche Rolle, findet aber der geringen Niederschläge wegen keine optimale Bedingungen vor. Die wärmeliebenden Laubbäume sind deshalb ein wesentlicher Bestandteil dieser Wälder. Es bestehen kaum pflanzensoziologische Unterschiede zu den submontanen Buchenwälder.;Alle Lagen ausser nassen Mulden. Tiefgründige, frische bis feuchte, im Allgemeinen gut nährstoffversorgte Lösslehmböden (Braunerden).;Eichen und Hagenbuchen können leicht zur Dominanz gebracht werden. Ausser für die Föhre sind die Bedingungen ungünstig für Nadelhölzer.;Übergang zwischen colliner und submontaner Stufe ;7;0;7;-
10a;C;Buchenwälder auf trockenen und wechseltrockenen Kalkböden;"Wenig wüchsige Buchenwälder mit Waldföhre, Mehl- und Elsbeere, Traubeneiche (die beiden letzteren fehlen in der montanen Stufe); Krautschicht mit Wärme-, Trockenheits- oder Wechseltrockenheitszeigern.";Oft warme Hänge und Kuppenlagen. Im Allgemeinen flachgründige, trockene oder wechseltrockene Kalkböden (Rendzinen).;Die Baumartenwahl ist auf trockenheitsertragende Baumarten beschränkt. Die Möglichkeit, seltene Holzarten wie Mehl- oder Elsbeere zu fördern, sollte genutzt werden. Die extremsten Waldgesellschaften wie der Blaugras-Buchenwald Nr. 16 eignen sich kaum für die Holzproduktion.;submontane bis obermontane Stufe;1779;12;1791;8.7
10w;C;Buchenwälder auf trockenen und wechseltrockenen Kalkböden;"Wenig wüchsige Buchenwälder mit Waldföhre, Mehl- und Elsbeere, Traubeneiche (die beiden letzteren fehlen in der montanen Stufe); Krautschicht mit Wärme-, Trockenheits- oder Wechseltrockenheitszeigern.";Oft warme Hänge und Kuppenlagen. Im Allgemeinen flachgründige, trockene oder wechseltrockene Kalkböden (Rendzinen).;Die Baumartenwahl ist auf trockenheitsertragende Baumarten beschränkt. Die Möglichkeit, seltene Holzarten wie Mehl- oder Elsbeere zu fördern, sollte genutzt werden. Die extremsten Waldgesellschaften wie der Blaugras-Buchenwald Nr. 16 eignen sich kaum für die Holzproduktion.;submontane bis obermontane Stufe;937;2;939;4.5
12w;C;Buchenwälder auf trockenen und wechseltrockenen Kalkböden;"Wenig wüchsige Buchenwälder mit Waldföhre, Mehl- und Elsbeere, Traubeneiche (die beiden letzteren fehlen in der montanen Stufe); Krautschicht mit Wärme-, Trockenheits- oder Wechseltrockenheitszeigern.";Oft warme Hänge und Kuppenlagen. Im Allgemeinen flachgründige, trockene oder wechseltrockene Kalkböden (Rendzinen).;Die Baumartenwahl ist auf trockenheitsertragende Baumarten beschränkt. Die Möglichkeit, seltene Holzarten wie Mehl- oder Elsbeere zu fördern, sollte genutzt werden. Die extremsten Waldgesellschaften wie der Blaugras-Buchenwald Nr. 16 eignen sich kaum für die Holzproduktion.;submontane bis obermontane Stufe;221;0;221;1.1
12*;C;Buchenwälder auf trockenen und wechseltrockenen Kalkböden;"Wenig wüchsige Buchenwälder mit Waldföhre, Mehl- und Elsbeere, Traubeneiche (die beiden letzteren fehlen in der montanen Stufe); Krautschicht mit Wärme-, Trockenheits- oder Wechseltrockenheitszeigern.";Oft warme Hänge und Kuppenlagen. Im Allgemeinen flachgründige, trockene oder wechseltrockene Kalkböden (Rendzinen).;Die Baumartenwahl ist auf trockenheitsertragende Baumarten beschränkt. Die Möglichkeit, seltene Holzarten wie Mehl- oder Elsbeere zu fördern, sollte genutzt werden. Die extremsten Waldgesellschaften wie der Blaugras-Buchenwald Nr. 16 eignen sich kaum für die Holzproduktion.;submontane bis obermontane Stufe;437;0;437;2.1
14a;C;Buchenwälder auf trockenen und wechseltrockenen Kalkböden;"Wenig wüchsige Buchenwälder mit Waldföhre, Mehl- und Elsbeere, Traubeneiche (die beiden letzteren fehlen in der montanen Stufe); Krautschicht mit Wärme-, Trockenheits- oder Wechseltrockenheitszeigern.";Oft warme Hänge und Kuppenlagen. Im Allgemeinen flachgründige, trockene oder wechseltrockene Kalkböden (Rendzinen).;Die Baumartenwahl ist auf trockenheitsertragende Baumarten beschränkt. Die Möglichkeit, seltene Holzarten wie Mehl- oder Elsbeere zu fördern, sollte genutzt werden. Die extremsten Waldgesellschaften wie der Blaugras-Buchenwald Nr. 16 eignen sich kaum für die Holzproduktion.;submontane bis obermontane Stufe;1077;0;1077;5.2
14e;C;Buchenwälder auf trockenen und wechseltrockenen Kalkböden;"Wenig wüchsige Buchenwälder mit Waldföhre, Mehl- und Elsbeere, Traubeneiche (die beiden letzteren fehlen in der montanen Stufe); Krautschicht mit Wärme-, Trockenheits- oder Wechseltrockenheitszeigern.";Oft warme Hänge und Kuppenlagen. Im Allgemeinen flachgründige, trockene oder wechseltrockene Kalkböden (Rendzinen).;Die Baumartenwahl ist auf trockenheitsertragende Baumarten beschränkt. Die Möglichkeit, seltene Holzarten wie Mehl- oder Elsbeere zu fördern, sollte genutzt werden. Die extremsten Waldgesellschaften wie der Blaugras-Buchenwald Nr. 16 eignen sich kaum für die Holzproduktion.;submontane bis obermontane Stufe;121;0;121;0.6
14w;C;Buchenwälder auf trockenen und wechseltrockenen Kalkböden;"Wenig wüchsige Buchenwälder mit Waldföhre, Mehl- und Elsbeere, Traubeneiche (die beiden letzteren fehlen in der montanen Stufe); Krautschicht mit Wärme-, Trockenheits- oder Wechseltrockenheitszeigern.";Oft warme Hänge und Kuppenlagen. Im Allgemeinen flachgründige, trockene oder wechseltrockene Kalkböden (Rendzinen).;Die Baumartenwahl ist auf trockenheitsertragende Baumarten beschränkt. Die Möglichkeit, seltene Holzarten wie Mehl- oder Elsbeere zu fördern, sollte genutzt werden. Die extremsten Waldgesellschaften wie der Blaugras-Buchenwald Nr. 16 eignen sich kaum für die Holzproduktion.;submontane bis obermontane Stufe;191;0;191;0.9
15;C;Buchenwälder auf trockenen und wechseltrockenen Kalkböden;"Wenig wüchsige Buchenwälder mit Waldföhre, Mehl- und Elsbeere, Traubeneiche (die beiden letzteren fehlen in der montanen Stufe); Krautschicht mit Wärme-, Trockenheits- oder Wechseltrockenheitszeigern.";Oft warme Hänge und Kuppenlagen. Im Allgemeinen flachgründige, trockene oder wechseltrockene Kalkböden (Rendzinen).;Die Baumartenwahl ist auf trockenheitsertragende Baumarten beschränkt. Die Möglichkeit, seltene Holzarten wie Mehl- oder Elsbeere zu fördern, sollte genutzt werden. Die extremsten Waldgesellschaften wie der Blaugras-Buchenwald Nr. 16 eignen sich kaum für die Holzproduktion.;submontane bis obermontane Stufe;1;1;2;-
16a;C;Buchenwälder auf trockenen und wechseltrockenen Kalkböden;"Wenig wüchsige Buchenwälder mit Waldföhre, Mehl- und Elsbeere, Traubeneiche (die beiden letzteren fehlen in der montanen Stufe); Krautschicht mit Wärme-, Trockenheits- oder Wechseltrockenheitszeigern.";Oft warme Hänge und Kuppenlagen. Im Allgemeinen flachgründige, trockene oder wechseltrockene Kalkböden (Rendzinen).;Die Baumartenwahl ist auf trockenheitsertragende Baumarten beschränkt. Die Möglichkeit, seltene Holzarten wie Mehl- oder Elsbeere zu fördern, sollte genutzt werden. Die extremsten Waldgesellschaften wie der Blaugras-Buchenwald Nr. 16 eignen sich kaum für die Holzproduktion.;submontane bis obermontane Stufe;203;0;203;1.0
16l;C;Buchenwälder auf trockenen und wechseltrockenen Kalkböden;"Wenig wüchsige Buchenwälder mit Waldföhre, Mehl- und Elsbeere, Traubeneiche (die beiden letzteren fehlen in der montanen Stufe); Krautschicht mit Wärme-, Trockenheits- oder Wechseltrockenheitszeigern.";Oft warme Hänge und Kuppenlagen. Im Allgemeinen flachgründige, trockene oder wechseltrockene Kalkböden (Rendzinen).;Die Baumartenwahl ist auf trockenheitsertragende Baumarten beschränkt. Die Möglichkeit, seltene Holzarten wie Mehl- oder Elsbeere zu fördern, sollte genutzt werden. Die extremsten Waldgesellschaften wie der Blaugras-Buchenwald Nr. 16 eignen sich kaum für die Holzproduktion.;submontane bis obermontane Stufe;51;0;51;0.2
17;C;Buchenwälder auf trockenen und wechseltrockenen Kalkböden;"Wenig wüchsige Buchenwälder mit Waldföhre, Mehl- und Elsbeere, Traubeneiche (die beiden letzteren fehlen in der montanen Stufe); Krautschicht mit Wärme-, Trockenheits- oder Wechseltrockenheitszeigern.";Oft warme Hänge und Kuppenlagen. Im Allgemeinen flachgründige, trockene oder wechseltrockene Kalkböden (Rendzinen).;Die Baumartenwahl ist auf trockenheitsertragende Baumarten beschränkt. Die Möglichkeit, seltene Holzarten wie Mehl- oder Elsbeere zu fördern, sollte genutzt werden. Die extremsten Waldgesellschaften wie der Blaugras-Buchenwald Nr. 16 eignen sich kaum für die Holzproduktion.;submontane bis obermontane Stufe;15;0;15;0.1
18*;C;Buchenwälder auf trockenen und wechseltrockenen Kalkböden;"Wenig wüchsige Buchenwälder mit Waldföhre, Mehl- und Elsbeere, Traubeneiche (die beiden letzteren fehlen in der montanen Stufe); Krautschicht mit Wärme-, Trockenheits- oder Wechseltrockenheitszeigern.";Oft warme Hänge und Kuppenlagen. Im Allgemeinen flachgründige, trockene oder wechseltrockene Kalkböden (Rendzinen).;Die Baumartenwahl ist auf trockenheitsertragende Baumarten beschränkt. Die Möglichkeit, seltene Holzarten wie Mehl- oder Elsbeere zu fördern, sollte genutzt werden. Die extremsten Waldgesellschaften wie der Blaugras-Buchenwald Nr. 16 eignen sich kaum für die Holzproduktion.;submontane bis obermontane Stufe;4;0;4;-
8a;D;Wüchsige Buchenwälder der untermontanen Stufe;Wüchsiger Hallen-Buchenwald mit vereinzelten Eschen, Bergahornen und Tannen. Die Zahl der Baumerten ist des kühleren Klimas wegen kleiner als in der submontanen Stufe.;Hanglagen, seltener flache Kuppen. Im Allgemeinen basen- bis kalkreiche, frische bis feuchte Böden (Braunerden und Rendzinen).;Hohe Produktivität. Die Baumerten des Naturwaldes und beigemischte Fichten kommen als Wertholzträger in Frage. Optimalstandorte der Buche.;untermontane, sowie kühle Nordlagen der submontanen Stufe;140;0;140;0.7
8as;D;Wüchsige Buchenwälder der untermontanen Stufe;Wüchsiger Hallen-Buchenwald mit vereinzelten Eschen, Bergahornen und Tannen. Die Zahl der Baumerten ist des kühleren Klimas wegen kleiner als in der submontanen Stufe.;Hanglagen, seltener flache Kuppen. Im Allgemeinen basen- bis kalkreiche, frische bis feuchte Böden (Braunerden und Rendzinen).;Hohe Produktivität. Die Baumerten des Naturwaldes und beigemischte Fichten kommen als Wertholzträger in Frage. Optimalstandorte der Buche.;untermontane, sowie kühle Nordlagen der submontanen Stufe;22;0;22;0.1
8d;D;Wüchsige Buchenwälder der untermontanen Stufe;Wüchsiger Hallen-Buchenwald mit vereinzelten Eschen, Bergahornen und Tannen. Die Zahl der Baumerten ist des kühleren Klimas wegen kleiner als in der submontanen Stufe.;Hanglagen, seltener flache Kuppen. Im Allgemeinen basen- bis kalkreiche, frische bis feuchte Böden (Braunerden und Rendzinen).;Hohe Produktivität. Die Baumerten des Naturwaldes und beigemischte Fichten kommen als Wertholzträger in Frage. Optimalstandorte der Buche.;untermontane, sowie kühle Nordlagen der submontanen Stufe;25;0;25;0.1
8e;D;Wüchsige Buchenwälder der untermontanen Stufe;Wüchsiger Hallen-Buchenwald mit vereinzelten Eschen, Bergahornen und Tannen. Die Zahl der Baumerten ist des kühleren Klimas wegen kleiner als in der submontanen Stufe.;Hanglagen, seltener flache Kuppen. Im Allgemeinen basen- bis kalkreiche, frische bis feuchte Böden (Braunerden und Rendzinen).;Hohe Produktivität. Die Baumerten des Naturwaldes und beigemischte Fichten kommen als Wertholzträger in Frage. Optimalstandorte der Buche.;untermontane, sowie kühle Nordlagen der submontanen Stufe;6;0;6;-
8f;D;Wüchsige Buchenwälder der untermontanen Stufe;Wüchsiger Hallen-Buchenwald mit vereinzelten Eschen, Bergahornen und Tannen. Die Zahl der Baumerten ist des kühleren Klimas wegen kleiner als in der submontanen Stufe.;Hanglagen, seltener flache Kuppen. Im Allgemeinen basen- bis kalkreiche, frische bis feuchte Böden (Braunerden und Rendzinen).;Hohe Produktivität. Die Baumerten des Naturwaldes und beigemischte Fichten kommen als Wertholzträger in Frage. Optimalstandorte der Buche.;untermontane, sowie kühle Nordlagen der submontanen Stufe;37;0;37;0.2
8g;D;Wüchsige Buchenwälder der untermontanen Stufe;Wüchsiger Hallen-Buchenwald mit vereinzelten Eschen, Bergahornen und Tannen. Die Zahl der Baumerten ist des kühleren Klimas wegen kleiner als in der submontanen Stufe.;Hanglagen, seltener flache Kuppen. Im Allgemeinen basen- bis kalkreiche, frische bis feuchte Böden (Braunerden und Rendzinen).;Hohe Produktivität. Die Baumerten des Naturwaldes und beigemischte Fichten kommen als Wertholzträger in Frage. Optimalstandorte der Buche.;untermontane, sowie kühle Nordlagen der submontanen Stufe;41;0;41;0.2
8j;D;Wüchsige Buchenwälder der untermontanen Stufe;Wüchsiger Hallen-Buchenwald mit vereinzelten Eschen, Bergahornen und Tannen. Die Zahl der Baumerten ist des kühleren Klimas wegen kleiner als in der submontanen Stufe.;Hanglagen, seltener flache Kuppen. Im Allgemeinen basen- bis kalkreiche, frische bis feuchte Böden (Braunerden und Rendzinen).;Hohe Produktivität. Die Baumerten des Naturwaldes und beigemischte Fichten kommen als Wertholzträger in Frage. Optimalstandorte der Buche.;untermontane, sowie kühle Nordlagen der submontanen Stufe;132;0;132;0.6
12a;D;Wüchsige Buchenwälder der untermontanen Stufe;Wüchsiger Hallen-Buchenwald mit vereinzelten Eschen, Bergahornen und Tannen. Die Zahl der Baumerten ist des kühleren Klimas wegen kleiner als in der submontanen Stufe.;Hanglagen, seltener flache Kuppen. Im Allgemeinen basen- bis kalkreiche, frische bis feuchte Böden (Braunerden und Rendzinen).;Hohe Produktivität. Die Baumerten des Naturwaldes und beigemischte Fichten kommen als Wertholzträger in Frage. Optimalstandorte der Buche.;untermontane, sowie kühle Nordlagen der submontanen Stufe;1510;0;1510;7.3
12b;D;Wüchsige Buchenwälder der untermontanen Stufe;Wüchsiger Hallen-Buchenwald mit vereinzelten Eschen, Bergahornen und Tannen. Die Zahl der Baumerten ist des kühleren Klimas wegen kleiner als in der submontanen Stufe.;Hanglagen, seltener flache Kuppen. Im Allgemeinen basen- bis kalkreiche, frische bis feuchte Böden (Braunerden und Rendzinen).;Hohe Produktivität. Die Baumerten des Naturwaldes und beigemischte Fichten kommen als Wertholzträger in Frage. Optimalstandorte der Buche.;untermontane, sowie kühle Nordlagen der submontanen Stufe;149;0;149;0.7
12g;D;Wüchsige Buchenwälder der untermontanen Stufe;Wüchsiger Hallen-Buchenwald mit vereinzelten Eschen, Bergahornen und Tannen. Die Zahl der Baumerten ist des kühleren Klimas wegen kleiner als in der submontanen Stufe.;Hanglagen, seltener flache Kuppen. Im Allgemeinen basen- bis kalkreiche, frische bis feuchte Böden (Braunerden und Rendzinen).;Hohe Produktivität. Die Baumerten des Naturwaldes und beigemischte Fichten kommen als Wertholzträger in Frage. Optimalstandorte der Buche.;untermontane, sowie kühle Nordlagen der submontanen Stufe;214;0;214;1.0
12t;D;Wüchsige Buchenwälder der untermontanen Stufe;Wüchsiger Hallen-Buchenwald mit vereinzelten Eschen, Bergahornen und Tannen. Die Zahl der Baumerten ist des kühleren Klimas wegen kleiner als in der submontanen Stufe.;Hanglagen, seltener flache Kuppen. Im Allgemeinen basen- bis kalkreiche, frische bis feuchte Böden (Braunerden und Rendzinen).;Hohe Produktivität. Die Baumerten des Naturwaldes und beigemischte Fichten kommen als Wertholzträger in Frage. Optimalstandorte der Buche.;untermontane, sowie kühle Nordlagen der submontanen Stufe;1054;0;1054;5.1
18a;E;Tannen-Buchenwälder;Wüchsige Tannen-Buchenwälder mit Bergahorn und Esche.;Alle Lagen ausser trockenen Kuppen. Frische bis feuchte Böden (Braunerden und Rendzinen).;Ziemlich hohe Produktivität. Die Baumerten des Naturwaldes und beigemischte Fichten kommen als Wertholzträger in Frage. Optimalstandorte der Tanne;obermontane Stufe;464;0;464;2.2
19;E;Tannen-Buchenwälder;Wüchsige Tannen-Buchenwälder mit Bergahorn und Esche.;Alle Lagen ausser trockenen Kuppen. Frische bis feuchte Böden (Braunerden und Rendzinen).;Ziemlich hohe Produktivität. Die Baumerten des Naturwaldes und beigemischte Fichten kommen als Wertholzträger in Frage. Optimalstandorte der Tanne;obermontane Stufe;5;0;5;-
20;E;Tannen-Buchenwälder;Wüchsige Tannen-Buchenwälder mit Bergahorn und Esche.;Alle Lagen ausser trockenen Kuppen. Frische bis feuchte Böden (Braunerden und Rendzinen).;Ziemlich hohe Produktivität. Die Baumerten des Naturwaldes und beigemischte Fichten kommen als Wertholzträger in Frage. Optimalstandorte der Tanne;obermontane Stufe;97;0;97;0.5
13a;F;Hangschutt-Wälder;"Mässig bewegte Schutthänge sind von oft artenarme Buchenwäldern bestockt. Feuchte und grobskelettige Schuttböden in Schattenlagen sind der Standort von Ahornwäldern; trockene Schutthänge in sonnigen Lagen sind von Lindenwäldern bedeckt; auf Blockschuttflächen in kühlen hochmontanen Lagen wachsen moosreiche Fichtenwälder.";Steile Hänge. Gesteinsschuttböden mit mehr oder weniger grobem Kalksteinskelett. Oft unter Felswänden oder -bändern, von denen Geröll herunterkollert.;Die Nutzungsmöglichkeiten beschränken sich auf die Entnahme von Einzelstämmen der natürlich vorkommenden Baumarten.;submontane bis hochmontane Stufe;384;0;384;1.9
13e;F;Hangschutt-Wälder;"Mässig bewegte Schutthänge sind von oft artenarme Buchenwäldern bestockt. Feuchte und grobskelettige Schuttböden in Schattenlagen sind der Standort von Ahornwäldern; trockene Schutthänge in sonnigen Lagen sind von Lindenwäldern bedeckt; auf Blockschuttflächen in kühlen hochmontanen Lagen wachsen moosreiche Fichtenwälder.";Steile Hänge. Gesteinsschuttböden mit mehr oder weniger grobem Kalksteinskelett. Oft unter Felswänden oder -bändern, von denen Geröll herunterkollert.;Die Nutzungsmöglichkeiten beschränken sich auf die Entnahme von Einzelstämmen der natürlich vorkommenden Baumarten.;submontane bis hochmontane Stufe;125;0;125;0.6
13eh;F;Hangschutt-Wälder;"Mässig bewegte Schutthänge sind von oft artenarme Buchenwäldern bestockt. Feuchte und grobskelettige Schuttböden in Schattenlagen sind der Standort von Ahornwäldern; trockene Schutthänge in sonnigen Lagen sind von Lindenwäldern bedeckt; auf Blockschuttflächen in kühlen hochmontanen Lagen wachsen moosreiche Fichtenwälder.";Steile Hänge. Gesteinsschuttböden mit mehr oder weniger grobem Kalksteinskelett. Oft unter Felswänden oder -bändern, von denen Geröll herunterkollert.;Die Nutzungsmöglichkeiten beschränken sich auf die Entnahme von Einzelstämmen der natürlich vorkommenden Baumarten.;submontane bis hochmontane Stufe;46;0;46;0.2
13g;F;Hangschutt-Wälder;"Mässig bewegte Schutthänge sind von oft artenarme Buchenwäldern bestockt. Feuchte und grobskelettige Schuttböden in Schattenlagen sind der Standort von Ahornwäldern; trockene Schutthänge in sonnigen Lagen sind von Lindenwäldern bedeckt; auf Blockschuttflächen in kühlen hochmontanen Lagen wachsen moosreiche Fichtenwälder.";Steile Hänge. Gesteinsschuttböden mit mehr oder weniger grobem Kalksteinskelett. Oft unter Felswänden oder -bändern, von denen Geröll herunterkollert.;Die Nutzungsmöglichkeiten beschränken sich auf die Entnahme von Einzelstämmen der natürlich vorkommenden Baumarten.;submontane bis hochmontane Stufe;21;0;21;0.1
13h;F;Hangschutt-Wälder;"Mässig bewegte Schutthänge sind von oft artenarme Buchenwäldern bestockt. Feuchte und grobskelettige Schuttböden in Schattenlagen sind der Standort von Ahornwäldern; trockene Schutthänge in sonnigen Lagen sind von Lindenwäldern bedeckt; auf Blockschuttflächen in kühlen hochmontanen Lagen wachsen moosreiche Fichtenwälder.";Steile Hänge. Gesteinsschuttböden mit mehr oder weniger grobem Kalksteinskelett. Oft unter Felswänden oder -bändern, von denen Geröll herunterkollert.;Die Nutzungsmöglichkeiten beschränken sich auf die Entnahme von Einzelstämmen der natürlich vorkommenden Baumarten.;submontane bis hochmontane Stufe;51;0;51;0.2
13t;F;Hangschutt-Wälder;"Mässig bewegte Schutthänge sind von oft artenarme Buchenwäldern bestockt. Feuchte und grobskelettige Schuttböden in Schattenlagen sind der Standort von Ahornwäldern; trockene Schutthänge in sonnigen Lagen sind von Lindenwäldern bedeckt; auf Blockschuttflächen in kühlen hochmontanen Lagen wachsen moosreiche Fichtenwälder.";Steile Hänge. Gesteinsschuttböden mit mehr oder weniger grobem Kalksteinskelett. Oft unter Felswänden oder -bändern, von denen Geröll herunterkollert.;Die Nutzungsmöglichkeiten beschränken sich auf die Entnahme von Einzelstämmen der natürlich vorkommenden Baumarten.;submontane bis hochmontane Stufe;216;0;216;1.1
22;F;Hangschutt-Wälder;"Mässig bewegte Schutthänge sind von oft artenarme Buchenwäldern bestockt. Feuchte und grobskelettige Schuttböden in Schattenlagen sind der Standort von Ahornwäldern; trockene Schutthänge in sonnigen Lagen sind von Lindenwäldern bedeckt; auf Blockschuttflächen in kühlen hochmontanen Lagen wachsen moosreiche Fichtenwälder.";Steile Hänge. Gesteinsschuttböden mit mehr oder weniger grobem Kalksteinskelett. Oft unter Felswänden oder -bändern, von denen Geröll herunterkollert.;Die Nutzungsmöglichkeiten beschränken sich auf die Entnahme von Einzelstämmen der natürlich vorkommenden Baumarten.;submontane bis hochmontane Stufe;114;0;114;0.6
22*;F;Hangschutt-Wälder;"Mässig bewegte Schutthänge sind von oft artenarme Buchenwäldern bestockt. Feuchte und grobskelettige Schuttböden in Schattenlagen sind der Standort von Ahornwäldern; trockene Schutthänge in sonnigen Lagen sind von Lindenwäldern bedeckt; auf Blockschuttflächen in kühlen hochmontanen Lagen wachsen moosreiche Fichtenwälder.";Steile Hänge. Gesteinsschuttböden mit mehr oder weniger grobem Kalksteinskelett. Oft unter Felswänden oder -bändern, von denen Geröll herunterkollert.;Die Nutzungsmöglichkeiten beschränken sich auf die Entnahme von Einzelstämmen der natürlich vorkommenden Baumarten.;submontane bis hochmontane Stufe;8;0;8;-
25*;F;Hangschutt-Wälder;"Mässig bewegte Schutthänge sind von oft artenarme Buchenwäldern bestockt. Feuchte und grobskelettige Schuttböden in Schattenlagen sind der Standort von Ahornwäldern; trockene Schutthänge in sonnigen Lagen sind von Lindenwäldern bedeckt; auf Blockschuttflächen in kühlen hochmontanen Lagen wachsen moosreiche Fichtenwälder.";Steile Hänge. Gesteinsschuttböden mit mehr oder weniger grobem Kalksteinskelett. Oft unter Felswänden oder -bändern, von denen Geröll herunterkollert.;Die Nutzungsmöglichkeiten beschränken sich auf die Entnahme von Einzelstämmen der natürlich vorkommenden Baumarten.;submontane bis hochmontane Stufe;27;0;27;0.1
48;F;Hangschutt-Wälder;"Mässig bewegte Schutthänge sind von oft artenarme Buchenwäldern bestockt. Feuchte und grobskelettige Schuttböden in Schattenlagen sind der Standort von Ahornwäldern; trockene Schutthänge in sonnigen Lagen sind von Lindenwäldern bedeckt; auf Blockschuttflächen in kühlen hochmontanen Lagen wachsen moosreiche Fichtenwälder.";Steile Hänge. Gesteinsschuttböden mit mehr oder weniger grobem Kalksteinskelett. Oft unter Felswänden oder -bändern, von denen Geröll herunterkollert.;Die Nutzungsmöglichkeiten beschränken sich auf die Entnahme von Einzelstämmen der natürlich vorkommenden Baumarten.;submontane bis hochmontane Stufe;21;0;21;0.1
26a;G;Eschen- und Erlenwälder;Wüchsige Eschenwälder mit Stieleiche (untere Lagen), Bergahorn oder Schwarzerle (diese dominiert im Buchenwald Nr. 44), sowie Tanne in der obermontanen Stufe.;Tal- und Muldenlagen. Tiefgründige, feuchte bis nasse, nährstoffreiche Böden (Gleye und Pseudogleye).;Auf diesen produktiven Standorten werden der nassen Böden wegen nur die Baumarten des Naturwaldes empfohlen. Die Böden sind nicht befahrbar. In Gebieten, wo diese Gesellschaften selten sind, sollte der Erhaltung von möglichst natürlichen Beständen Priorität eingeräumt werden.;alle;14;1;15;0.1
26f;G;Eschen- und Erlenwälder;Wüchsige Eschenwälder mit Stieleiche (untere Lagen), Bergahorn oder Schwarzerle (diese dominiert im Buchenwald Nr. 44), sowie Tanne in der obermontanen Stufe.;Tal- und Muldenlagen. Tiefgründige, feuchte bis nasse, nährstoffreiche Böden (Gleye und Pseudogleye).;Auf diesen produktiven Standorten werden der nassen Böden wegen nur die Baumarten des Naturwaldes empfohlen. Die Böden sind nicht befahrbar. In Gebieten, wo diese Gesellschaften selten sind, sollte der Erhaltung von möglichst natürlichen Beständen Priorität eingeräumt werden.;alle;97;1;98;0.5
26g;G;Eschen- und Erlenwälder;Wüchsige Eschenwälder mit Stieleiche (untere Lagen), Bergahorn oder Schwarzerle (diese dominiert im Buchenwald Nr. 44), sowie Tanne in der obermontanen Stufe.;Tal- und Muldenlagen. Tiefgründige, feuchte bis nasse, nährstoffreiche Böden (Gleye und Pseudogleye).;Auf diesen produktiven Standorten werden der nassen Böden wegen nur die Baumarten des Naturwaldes empfohlen. Die Böden sind nicht befahrbar. In Gebieten, wo diese Gesellschaften selten sind, sollte der Erhaltung von möglichst natürlichen Beständen Priorität eingeräumt werden.;alle;85;-;85;0.4
26h;G;Eschen- und Erlenwälder;Wüchsige Eschenwälder mit Stieleiche (untere Lagen), Bergahorn oder Schwarzerle (diese dominiert im Buchenwald Nr. 44), sowie Tanne in der obermontanen Stufe.;Tal- und Muldenlagen. Tiefgründige, feuchte bis nasse, nährstoffreiche Böden (Gleye und Pseudogleye).;Auf diesen produktiven Standorten werden der nassen Böden wegen nur die Baumarten des Naturwaldes empfohlen. Die Böden sind nicht befahrbar. In Gebieten, wo diese Gesellschaften selten sind, sollte der Erhaltung von möglichst natürlichen Beständen Priorität eingeräumt werden.;alle;25;0;25;0.1
27a;G;Eschen- und Erlenwälder;Wüchsige Eschenwälder mit Stieleiche (untere Lagen), Bergahorn oder Schwarzerle (diese dominiert im Buchenwald Nr. 44), sowie Tanne in der obermontanen Stufe.;Tal- und Muldenlagen. Tiefgründige, feuchte bis nasse, nährstoffreiche Böden (Gleye und Pseudogleye).;Auf diesen produktiven Standorten werden der nassen Böden wegen nur die Baumarten des Naturwaldes empfohlen. Die Böden sind nicht befahrbar. In Gebieten, wo diese Gesellschaften selten sind, sollte der Erhaltung von möglichst natürlichen Beständen Priorität eingeräumt werden.;alle;5;-;5;-
27f;G;Eschen- und Erlenwälder;Wüchsige Eschenwälder mit Stieleiche (untere Lagen), Bergahorn oder Schwarzerle (diese dominiert im Buchenwald Nr. 44), sowie Tanne in der obermontanen Stufe.;Tal- und Muldenlagen. Tiefgründige, feuchte bis nasse, nährstoffreiche Böden (Gleye und Pseudogleye).;Auf diesen produktiven Standorten werden der nassen Böden wegen nur die Baumarten des Naturwaldes empfohlen. Die Böden sind nicht befahrbar. In Gebieten, wo diese Gesellschaften selten sind, sollte der Erhaltung von möglichst natürlichen Beständen Priorität eingeräumt werden.;alle;28;-;29;0.1
27g;G;Eschen- und Erlenwälder;Wüchsige Eschenwälder mit Stieleiche (untere Lagen), Bergahorn oder Schwarzerle (diese dominiert im Buchenwald Nr. 44), sowie Tanne in der obermontanen Stufe.;Tal- und Muldenlagen. Tiefgründige, feuchte bis nasse, nährstoffreiche Böden (Gleye und Pseudogleye).;Auf diesen produktiven Standorten werden der nassen Böden wegen nur die Baumarten des Naturwaldes empfohlen. Die Böden sind nicht befahrbar. In Gebieten, wo diese Gesellschaften selten sind, sollte der Erhaltung von möglichst natürlichen Beständen Priorität eingeräumt werden.;alle;15;0;15;0.1
27h;G;Eschen- und Erlenwälder;Wüchsige Eschenwälder mit Stieleiche (untere Lagen), Bergahorn oder Schwarzerle (diese dominiert im Buchenwald Nr. 44), sowie Tanne in der obermontanen Stufe.;Tal- und Muldenlagen. Tiefgründige, feuchte bis nasse, nährstoffreiche Böden (Gleye und Pseudogleye).;Auf diesen produktiven Standorten werden der nassen Böden wegen nur die Baumarten des Naturwaldes empfohlen. Die Böden sind nicht befahrbar. In Gebieten, wo diese Gesellschaften selten sind, sollte der Erhaltung von möglichst natürlichen Beständen Priorität eingeräumt werden.;alle;15;0;15;0.1
29;G;Eschen- und Erlenwälder;Wüchsige Eschenwälder mit Stieleiche (untere Lagen), Bergahorn oder Schwarzerle (diese dominiert im Buchenwald Nr. 44), sowie Tanne in der obermontanen Stufe.;Tal- und Muldenlagen. Tiefgründige, feuchte bis nasse, nährstoffreiche Böden (Gleye und Pseudogleye).;Auf diesen produktiven Standorten werden der nassen Böden wegen nur die Baumarten des Naturwaldes empfohlen. Die Böden sind nicht befahrbar. In Gebieten, wo diese Gesellschaften selten sind, sollte der Erhaltung von möglichst natürlichen Beständen Priorität eingeräumt werden.;alle;77;1;78;0.4
29t;G;Eschen- und Erlenwälder;Wüchsige Eschenwälder mit Stieleiche (untere Lagen), Bergahorn oder Schwarzerle (diese dominiert im Buchenwald Nr. 44), sowie Tanne in der obermontanen Stufe.;Tal- und Muldenlagen. Tiefgründige, feuchte bis nasse, nährstoffreiche Böden (Gleye und Pseudogleye).;Auf diesen produktiven Standorten werden der nassen Böden wegen nur die Baumarten des Naturwaldes empfohlen. Die Böden sind nicht befahrbar. In Gebieten, wo diese Gesellschaften selten sind, sollte der Erhaltung von möglichst natürlichen Beständen Priorität eingeräumt werden.;alle;0;2;2;-
30;G;Eschen- und Erlenwälder;Wüchsige Eschenwälder mit Stieleiche (untere Lagen), Bergahorn oder Schwarzerle (diese dominiert im Buchenwald Nr. 44), sowie Tanne in der obermontanen Stufe.;Tal- und Muldenlagen. Tiefgründige, feuchte bis nasse, nährstoffreiche Böden (Gleye und Pseudogleye).;Auf diesen produktiven Standorten werden der nassen Böden wegen nur die Baumarten des Naturwaldes empfohlen. Die Böden sind nicht befahrbar. In Gebieten, wo diese Gesellschaften selten sind, sollte der Erhaltung von möglichst natürlichen Beständen Priorität eingeräumt werden.;alle;12;0;12;0.1
44;G;Eschen- und Erlenwälder;Wüchsige Eschenwälder mit Stieleiche (untere Lagen), Bergahorn oder Schwarzerle (diese dominiert im Buchenwald Nr. 44), sowie Tanne in der obermontanen Stufe.;Tal- und Muldenlagen. Tiefgründige, feuchte bis nasse, nährstoffreiche Böden (Gleye und Pseudogleye).;Auf diesen produktiven Standorten werden der nassen Böden wegen nur die Baumarten des Naturwaldes empfohlen. Die Böden sind nicht befahrbar. In Gebieten, wo diese Gesellschaften selten sind, sollte der Erhaltung von möglichst natürlichen Beständen Priorität eingeräumt werden.;alle;-;0;-;-
35b;H;Eichen- und Eichenmischwälder warmer, trockener Lagen;Eichen-Hagenbuchenwälder oder schlechtwüchsige bis buschförmige Flaumeichen- und Traubeneichen-Bestände mit vielfältiger Strauch- und Krautschicht, die zahlreiche wärme- und trockenheitszeigende Pflanzen enthalten.;Auf sommertrockenen Schotterböden. Eichenwälder an stark besonnten Lagen auf Felskuppen und an Steilhängen mit flachgründigen Böden.;Ausser in den Eichen-Hagenbuchenwäldern der Birstal-Terrassen und der Langen Erle (Wiesental) ist eine Holzproduktion auf diesen mageren Standorten kaum möglich.;colline bis submontane Stufe;0;25;25;0.1
35bh;H;Eichen- und Eichenmischwälder warmer, trockener Lagen;Eichen-Hagenbuchenwälder oder schlechtwüchsige bis buschförmige Flaumeichen- und Traubeneichen-Bestände mit vielfältiger Strauch- und Krautschicht, die zahlreiche wärme- und trockenheitszeigende Pflanzen enthalten.;Auf sommertrockenen Schotterböden. Eichenwälder an stark besonnten Lagen auf Felskuppen und an Steilhängen mit flachgründigen Böden.;Ausser in den Eichen-Hagenbuchenwäldern der Birstal-Terrassen und der Langen Erle (Wiesental) ist eine Holzproduktion auf diesen mageren Standorten kaum möglich.;colline bis submontane Stufe;0;33;33;0.2
35f;H;Eichen- und Eichenmischwälder warmer, trockener Lagen;Eichen-Hagenbuchenwälder oder schlechtwüchsige bis buschförmige Flaumeichen- und Traubeneichen-Bestände mit vielfältiger Strauch- und Krautschicht, die zahlreiche wärme- und trockenheitszeigende Pflanzen enthalten.;Auf sommertrockenen Schotterböden. Eichenwälder an stark besonnten Lagen auf Felskuppen und an Steilhängen mit flachgründigen Böden.;Ausser in den Eichen-Hagenbuchenwäldern der Birstal-Terrassen und der Langen Erle (Wiesental) ist eine Holzproduktion auf diesen mageren Standorten kaum möglich.;colline bis submontane Stufe;62;0;62;0.3
35g;H;Eichen- und Eichenmischwälder warmer, trockener Lagen;Eichen-Hagenbuchenwälder oder schlechtwüchsige bis buschförmige Flaumeichen- und Traubeneichen-Bestände mit vielfältiger Strauch- und Krautschicht, die zahlreiche wärme- und trockenheitszeigende Pflanzen enthalten.;Auf sommertrockenen Schotterböden. Eichenwälder an stark besonnten Lagen auf Felskuppen und an Steilhängen mit flachgründigen Böden.;Ausser in den Eichen-Hagenbuchenwäldern der Birstal-Terrassen und der Langen Erle (Wiesental) ist eine Holzproduktion auf diesen mageren Standorten kaum möglich.;colline bis submontane Stufe;1;0;1;-
38;H;Eichen- und Eichenmischwälder warmer, trockener Lagen;Eichen-Hagenbuchenwälder oder schlechtwüchsige bis buschförmige Flaumeichen- und Traubeneichen-Bestände mit vielfältiger Strauch- und Krautschicht, die zahlreiche wärme- und trockenheitszeigende Pflanzen enthalten.;Auf sommertrockenen Schotterböden. Eichenwälder an stark besonnten Lagen auf Felskuppen und an Steilhängen mit flachgründigen Böden.;Ausser in den Eichen-Hagenbuchenwäldern der Birstal-Terrassen und der Langen Erle (Wiesental) ist eine Holzproduktion auf diesen mageren Standorten kaum möglich.;colline bis submontane Stufe;85;0;85;0.4
39;H;Eichen- und Eichenmischwälder warmer, trockener Lagen;Eichen-Hagenbuchenwälder oder schlechtwüchsige bis buschförmige Flaumeichen- und Traubeneichen-Bestände mit vielfältiger Strauch- und Krautschicht, die zahlreiche wärme- und trockenheitszeigende Pflanzen enthalten.;Auf sommertrockenen Schotterböden. Eichenwälder an stark besonnten Lagen auf Felskuppen und an Steilhängen mit flachgründigen Böden.;Ausser in den Eichen-Hagenbuchenwäldern der Birstal-Terrassen und der Langen Erle (Wiesental) ist eine Holzproduktion auf diesen mageren Standorten kaum möglich.;colline bis submontane Stufe;4;0;4;-
61;I;Föhrenwälder;Wenig wüchsige , lichte Föhrenwälder und offene Föhrenhaine, wo die Mehlbeere, viele Straucharten und trockenheitszeigende Kräuter gedeihen können.;Kuppen und Grate. Extrem trockene oder wechseltrockene Kalkfels- und Mergelböden.;Eine wirtschaftliche Nutzung der wenig produktiven Föhrenwälder ist nicht sinnvoll.;submontane bis hochmontane Stufe;3;0;3;-
62;I;Föhrenwälder;Wenig wüchsige , lichte Föhrenwälder und offene Föhrenhaine, wo die Mehlbeere, viele Straucharten und trockenheitszeigende Kräuter gedeihen können.;Kuppen und Grate. Extrem trockene oder wechseltrockene Kalkfels- und Mergelböden.;Eine wirtschaftliche Nutzung der wenig produktiven Föhrenwälder ist nicht sinnvoll.;submontane bis hochmontane Stufe;71;0;71;0.3
65;I;Föhrenwälder;Wenig wüchsige , lichte Föhrenwälder und offene Föhrenhaine, wo die Mehlbeere, viele Straucharten und trockenheitszeigende Kräuter gedeihen können.;Kuppen und Grate. Extrem trockene oder wechseltrockene Kalkfels- und Mergelböden.;Eine wirtschaftliche Nutzung der wenig produktiven Föhrenwälder ist nicht sinnvoll.;submontane bis hochmontane Stufe;38;0;38;0.2
38(25*);O;Wälder auf aufgeschütteten Böden;;;;;175;39;214;1.1
