NAISTYP_SORT; NAISTYP_C; NTYP_C_ANHANG2A; NTYP_C_BSCHR_SEP; NTYP_C_BSCHR_TI; NTYP_W_B_ETAP1; NTYP_W_B_ETAP2; NTYP_G_P_ETAP1; NTYP_G_P_ETAP2; NTYP_BS_ETAP1; NTYP_BS_ETAP2; NTYP_SSKSMS_ETA1; NTYP_SSKSMS_ETA2; NTYP_C_ABGES; NTYP_C_GFX_ORT; NTYP_C_GFX_BODEN; NAISTYP_GFX; NAISTYP_WGES; NAISTYP_ANFP; NAISTYP_GFK; NAISTYP_GFEI; NAISTYP_GRB; NAISTYP_BEM;;
1;1;x;;;Y;Y;Y;Y;Y;Y;Y;Y;;x;x;1;Typischer Hainsimsen-Bu-Wald;1 2;BUSM;Buche submontan mittel;Buchenwälder;"neues Anforderungsprofil; 7a 9a 9w mit Waldföhre; Traubeneiche";;
1.009;1h    ;x;;;Y;Y;Y;Y;Y;Y;Y;Y;;x;x;1h;Artenarmer Waldsimsen-Ta-Bu-Wald;1h;TABUM;Tanne-Buche mittel;Tannen-Buchenwälder;;;
2;2;;;;Y;Y;Y;Y;Y;Y;Y;Y;;x;x;2;Hainsimsen-Buchenwald mit Weissmoos;1 2;BUSM;Buche submontan mittel;Buchenwälder;"neues Anforderungsprofil; 7a 9a 9w mit Waldföhre; Traubeneiche";;
3;3;x;;;Y;;Y;;Y;;Y;;;x;x;3;Typischer Schneesimsen-Bu-Wald;3;EIBU;Eiche-Buche;Buchenwälder;;;
3.000001;3s    ;;;x;Y;;Y;;Y;;Y;;;x;x;3s;Trockener Schneesimsen-Bu-Wald;3s;EIBU;Eiche-Buche;Buchenwälder;"neues Anforderungsprofil 3(42). Im Klimax Bu; einzelne Traubeneichen; praktisch keine Ta; Fi. Max. Baumhöhe << 15 m";;
3.00015;3LV   ;x 3VL;;;Y;;Y;;Y;;Y;;;x;;3LV;Nährstoffarmer Bu-Wald mit Stechpalme;3LV;EIBU;Eiche-Buche;Buchenwälder;;;
3.01;3L/4L ;x 3mL-4L;;;Y;;Y;;Y;;Y;;;x;x;3L4L;Mesophiler Bu-Wald mit Stechpalme;3L/4L;EIBU;Eiche-Buche;Buchenwälder;;;
3.1;3*/4* ;;;x;Y;;Y;;Y;;Y;;;x;;3Stern;Typischer Alpenrosen-Bu-Wald;3* 4*;EIBU;Eiche-Buche;Buchenwälder;neues Anforderungsprofil 3(47*);;
4;4;x;;;Y;;Y;;Y;;Y;;;x;x;4;Farnreicher Schneesimsen-Bu-Wald;4;BUTA;Buche-Tanne ;Buchenwälder;;;
6;6;;x;;Y;Y;Y;Y;Y;Y;Y;Y;;x;x;6;Waldmeister-Bu-Wald mit Hainsimse;6 7a 9a 9w;BUSM;Buche submontan mittel;Buchenwälder;Anforderungsprofil von 7a;;
6.000003;6Fe   ;;;;;;;;;;;;;;;;Waldmeister-Bu-wald mit Hainsimse auf Fels;6 7a 9a 9w;BUSM;Buche submontan mittel;Buchenwälder;;;
7.00012;7S    ;x;;;Y;Y;Y;Y;Y;Y;Y;Y;;x;x;7S;Feuchter Waldmeister-Bu-Wald;7S 11;BUF;Buche feucht;Buchenwälder;;;
7.000123;7SFe  ;;;;;;;;;;;;;;;;Feuchter Waldmeister-Bu-Wald auf Fels;7S 11;BUF;Buche feucht;Buchenwälder;;;
7.001;7a    ;x;;;Y;Y;Y;Y;Y;Y;Y;Y;;x;x;7a;Typischer Waldmeister-Bu-Wald;6 7a 9a 9w;BUSM;Buche submontan mittel;Buchenwälder;;;
7.001003;7aFe  ;;;;;;;;;;;;;;;;Typischer Waldmeister-Bu-Wald auf Fels;6 7a 9a 9w;BUSM;Buche submontan mittel;Buchenwälder;;;
7.002;7b    ;;;;;;;;;;;;;;;;Typischer Waldmeister-Buchenwald mit Lockerähriger Segge;7b;BUSM;Buche submontan mittel;Buchenwälder;;;
7.1;7*    ;;x;;Y;Y;Y;Y;Y;Y;Y;Y;;x;x;7Stern;Waldmeister-Bu-Wald mit Rippenfarn;7* 8*;TABUM;Tanne-Buche mittel;Tannen-Buchenwälder;;;
8.00012;8S    ;x;;;Y;Y;Y;Y;Y;Y;Y;Y;;x;x;8S;Feuchter Waldhirsen-Bu-Wald;8S 12S;BUF;Buche feucht;Buchenwälder;;;
8.000123;8SFe  ;;;;;;;;;;;;;;;;Feuchter Waldhirsen-Bu-Wald auf Fels;8S 12S;BUF;Buche feucht;Buchenwälder;;;
8.001;8a    ;x;;;Y;Y;Y;Y;Y;Y;Y;Y;;x;x;8a;Typischer Waldhirsen-Bu-Wald;8d 8a 12a;BUUM;Buche untermontan mittel;Buchenwälder;;;
8.001003;8aFe  ;;;;;;;;;;;;;;;;Typischer Waldhirsen-Bu-Wald auf Fels;8d 8a 12a;BUUM;Buche untermontan mittel;Buchenwälder;;;
8.002;8b    ;;;;;;;;;;;;;;;;Typischer Waldhirsenbuchenwald mit Lockerähriger Segge;8b;BUUM;Buche untermontan mittel;Buchenwälder;;;
8.004;8d    ;;x;;Y;Y;Y;Y;Y;Y;Y;Y;;x;x;8d;Waldhirsen-Bu-Wald mit Hainsimse;8d 8a 12a;BUUM;Buche untermontan mittel;Buchenwälder;Anforderungsprofil von 8a;;
8.004003;8dFe  ;;;;;;;;;;;;;;;;Waldhirsen-Bu-Wald mit Hainsimse auf Fels;8d 8a 12a;BUUM;Buche untermontan mittel;Buchenwälder;;;
8.1;8*    ;x;;;Y;Y;Y;Y;Y;Y;Y;Y;;x;x;8Stern;Waldhirsen-Bu-Wald mit Rippenfarn;7* 8*;TABUM;Tanne-Buche mittel;Tannen-Buchenwälder;;;
9.001;9a    ;x;;;Y;Y;Y;Y;Y;Y;Y;Y;;x;x;9a;Typischer Lungenkraut-/Platterbsen-Bu-Wald;6 7a 9a 9w;BUSM;Buche submontan mittel;Buchenwälder;;;
9.001003;9aFe  ;;;;;;;;;;;;;;;;Typischer Lungenkraut-/Platterbsen-Bu-Wald auf Fels;6 7a 9a 9w;BUSM;Buche submontan mittel;Buchenwälder;;;
9.014;9w    ;x;;;Y;Y;Y;Y;Y;Y;Y;Y;;x;x;9w;Wechselfeuchter Lungenkraut-/Platterbsen-Bu-Wald;6 7a 9a 9w;BUSM;Buche submontan mittel;Buchenwälder;;;
10.001;10a   ;x;;;Y;Y;Y;Y;Y;Y;Y;Y;;x;x;10a;Lungenkraut-/Platterbsen-Bu-Wald mit Immenblatt;10a 10w 14 15;BUT;Buche trocken;Buchenwälder;;;
10.014;10w   ;x;;;Y;Y;Y;Y;Y;Y;Y;Y;;x;x;10w;Wechseltrockener Lungenkraut-/Platterbsen-Bu-Wald mit Immenblatt;10a 10w 14 15;BUT;Buche trocken;Buchenwälder;;;
11;11;x;;;Y;Y;Y;Y;Y;Y;Y;Y;;x;x;11;Aronstab-Bu-Wald;7S 11;BUF;Buche feucht;Buchenwälder;;;
11.000003;11Fe  ;;;;;;;;;;;;;;;;Aronstab-Bu-Wald auf Fels;7S 11;BUF;Buche feucht;Buchenwälder;;;
12;12*   ;x;;;Y;;Y;;Y;;Y;;;x;;12Stern;Mesophiler insubrischer Kalk-Bu-Wald;12*;BUUM;Buche untermontan mittel;Buchenwälder;;;
12.00012;12S   ;x;;;Y;Y;Y;Y;Y;Y;Y;Y;;x;x;12S;Feuchter Bingelkraut-/Zahnwurz-Bu-Wald;8S 12S;BUF;Buche feucht;Buchenwälder;;;
12.000123;12SFe ;;;;;;;;;;;;;;;;Feuchter Bingelkraut-/Zahnwurz-Bu-Wald auf Fels;8S 12S;BUF;Buche feucht;Buchenwälder;;;
12.001;12a   ;x;;;Y;Y;Y;Y;Y;Y;Y;Y;;x;x;12a;Typischer Bingelkraut-/Zahnwurz-Bu-Wald;8d 8a 12a;BUUM;Buche untermontan mittel;Buchenwälder;;;
12.001003;12aFe ;;;;;;;;;;;;;;;;Typischer Bingelkraut-/Zahnwurz-Bu-Wald auf Fels;8d 8a 12a;BUUM;Buche untermontan mittel;Buchenwälder;;;
12.005;12e   ;x;;;Y;Y;Y;Y;Y;Y;Y;Y;;x;x;12e;Trockener Bingelkraut-/Zahnwurz-Bu-Wald;12e 12w;BUUM;Buche trocken;Buchenwälder;;;
12.009;12*h  ;x;;;Y;;Y;;Y;;Y;;;x;;12Sternh;Kalk-Bu-Wald der insubrischen Gebirge;12*h;TABUS;Tanne-Buche mittel;Buchenwälder;;;
12.014;12w   ;x;;;Y;Y;Y;Y;Y;Y;Y;Y;;x;x;12w;Wechselfeuchter Bingelkraut-/Zahnwurz-Bu-Wald;12e 12w;BUUM;Buche trocken;Buchenwälder;;;
13.001;13a   ;x;;;Y;Y;Y;Y;Y;Y;Y;Y;;x;x;13a;Typischer Linden-Bu-Wald;13a;BUS;Buche Schutt;Buchenwälder;;;
13.001003;13aFe ;;;;;;;;;;;;;;;;Typischer Linden-Bu-Wald auf Fels;13a;BUS;Buche Schutt;Buchenwälder;;;
13.005;13e   ;x;;;Y;Y;Y;Y;Y;Y;Y;Y;;x;x;13e;Trockener Linden-Bu-Wald;13e;BUS;Buche Schutt;Buchenwälder;;;
13.006;13eh  ;x;;;Y;Y;Y;Y;Y;Y;Y;Y;;x;;13eh;Trockener Alpendost-Bu-Wald;13eh;TABUS;Tanne-Buche Schutt;Tannen-Buchenwälder;;;
13.009;13h   ;x;;;Y;Y;Y;Y;Y;Y;Y;Y;;x;x;13h;Typischer Alpendost-Bu-Wald;13h;TABUS;Tanne-Buche Schutt;Tannen-Buchenwälder;;;
13.009003;13hFe ;;;;;;;;;;;;;;;;Typischer Alpendost-Bu-Wald auf Fels;13h;TABUS;Tanne-Buche Schutt;Tannen-Buchenwälder;;;
13.1;13*   ;;;x;Y;Y;Y;Y;Y;Y;Y;Y;;x;;13Stern;Insubrischer Linden-Bu-Wald ;13*;BUS;Buche Schutt;Buchenwälder;"neues Anforderungsprofil: 13a mit Stechpalme; Eibe; Laburnum; Kastanie; Kirsche; Bu; Sommer- und Winterlinde";;
14;14;x;;;Y;Y;Y;Y;Y;Y;Y;Y;;x;x;14;Seggen-Bu-Wald mit Weissegge;10a 10w 14 15;BUT;Buche trocken;Buchenwälder;;;
14.1;14*   ;x;;;Y;;Y;;Y;;Y;;;x;;14Stern;Trockener insubrischer Kalk-Bu-Wald;14*;BUT;Buche trocken;Buchenwälder;;;
15;15;x;;;Y;Y;Y;Y;Y;Y;Y;Y;;x;x;15;Seggen-Bu-Wald mit Bergsegge;10a 10w 14 15;BUT;Buche trocken;Buchenwälder;;;
16;16;x;;;Y;Y;Y;Y;Y;Y;Y;Y;;x;x;16;Blaugras-Bu-Wald;16;BUE;Buche extrem;Buchenwälder;;;
16.1;16*   ;;;x;Y;;Y;;Y;;Y;;;x;;16Stern;Insubrischer Blaugras-Bu-Wald;16*;BUE;Buche extrem;Buchenwälder;"keine Schutzwaldpflege; 16 mit mehr Hopfenbuche";;
17;17;x;;;Y;Y;Y;Y;Y;Y;Y;Y;;x;x;17;Eiben-Bu-Wald/Steilhang-Bu-Wald mit Reitgras;17;BUT;Buche trocken;Buchenwälder;;;
18;18;x;;;Y;Y;Y;Y;Y;Y;Y;Y;;x;x;18;Waldschwingel-Ta-Bu-Wald;18 18M 19 20;TABUM;Tanne-Buche mittel;Tannen-Buchenwälder;;;
18.000003;18Fe  ;;;;;;;;;;;;;;;;Waldschwingel-Ta-Bu-Wald auf Fels;18 18M 19 20;TABUM;Tanne-Buche mittel;Tannen-Buchenwälder;;;
18.00007;18M   ;x;;;Y;Y;Y;Y;Y;Y;Y;Y;;x;x;18M;Typischer Karbonat-Ta-Bu-Wald;18 18M 19 20;TABUM;Tanne-Buche mittel;Tannen-Buchenwälder;;;
18.014;18w   ;x;;;Y;Y;Y;Y;Y;Y;Y;Y;;x;x;18w;Typischer Buntreitgras-Ta-Bu-Wald;18v 18w;TABUM;Tanne-Buche mittel;Tannen-Buchenwälder;;;
18.015;18v   ;x;;;Y;Y;Y;Y;Y;Y;Y;Y;;x;x;18v;Buntreitgras-Ta-Bu-Wald mit Rostsegge;18v 18w;TABUM;Tanne-Buche mittel;Tannen-Buchenwälder;;;
18.1;18*   ;x;;;Y;Y;Y;Y;Y;Y;Y;Y;;x;x;18Stern;Karbonat-Ta-Bu-Wald mit Weissegge;18*;TABUM;Tanne-Buche mittel;Tannen-Buchenwälder;;;
19;19;x;;;Y;Y;Y;Y;Y;Y;Y;Y;;x;x;19;Typischer Waldsimsen-Ta-Bu-Wald;18 18M 19 20;TABUM;Tanne-Buche mittel;Tannen-Buchenwälder;;;
19.000003;19Fe  ;;;;;;;;;;;;;;;;Typischer Waldsimsen-Ta-Bu-Wald auf Fels;18 18M 19 20;TABUM;Tanne-Buche mittel;Tannen-Buchenwälder;;;
19.00008;19P   ;x 20*;;;Y;;;;Y;;Y;;;x;x;19P;Insubrischer Ta-Bu-Wald mit Hochstauden;19P;BUTA;Buche-Tanne ;Tannen-Buchenwälder;;;
19.001;19a   ;;;x;Y;;Y;;Y;;Y;;;x;x;19a;Waldsimsen-Ta-Bu-Wald mit Rohrreitgras;19a;BUTA;Buche-Tanne;Tannen-Buchenwälder;"neues Anforderungsprofil: 1h mit Lärche und Föhre; sonstige Laubbäume (Winterlinde; Traubeneiche; Kastanie; Esche) 0 - 20 % ";;
19.007;19f   ;x;;;Y;Y;Y;Y;Y;Y;Y;Y;;x;x;19f;Waldsimsen-Ta-Bu-Wald auf Pseudogley;19f 20E;TABUM;Tanne-Buche mittel;Tannen-Buchenwälder;;;
19.01;19m   ;x;;;Y;;Y;;Y;;Y;;;x;x;19m;"Typischer Waldsimsen-Tannen-Buchenwald; Südalpen-Ausbildung";19m;BUTA;Buche-Tanne;Tannen-Buchenwälder;;;
20;20;x;;;Y;Y;Y;Y;Y;Y;Y;Y;;x;x;20;Hochstauden-Ta-Bu-Wald;18 18M 19 20;TABUM;Tanne-Buche mittel;Tannen-Buchenwälder;;;
20.000003;20Fe  ;;;;;;;;;;;;;;;;Hochstauden-Ta-Bu-Wald auf Fels;18 18M 19 20;TABUM;Tanne-Buche mittel;Tannen-Buchenwälder;;;
20.00004;20E   ;x;;;Y;Y;Y;Y;Y;Y;Y;Y;;x;x;20E;Waldgersten-Ta-Bu-Wald;19f 20E;TABUM;Tanne-Buche mittel;Tannen-Buchenwälder;;;
21;21;x;;;Y;Y;Y;Y;Y;Y;Y;Y;;x;x;21;Ahorn-Bu-Wald;21;LHL;Laub hohe Lagen;Laubwälder hohe Lagen;;;
21.00006;21L   ;;;x;Y;;Y;;Y;;Y;;;x;;21L;Goldregen-Ahornwald;21L;LSE;Laub sonder extrem;Laubwälder Sonderwaldstandorte;"neues Anforderungsprofil: Bergahorn und Laburnum 80 - 100 %; Bu. Ta; Esche; Fi 0 - 20 %";;
21.1;21*   ;x;;;Y;;;;Y;;Y;;;x;x;21Stern;Grünerlen-Vogelbeerwald;21*;LHL;Laub hohe Lagen;Laubwälder hohe Lagen;;;
22;22;x;;;Y;Y;Y;Y;Y;Y;Y;Y;;x;;22;Hirschzungen-Ahornwald;22 22A 22C 22*;LS;Laub sonder  ;Laubwälder Sonderwaldstandorte;;;
22.000003;22Fe  ;;;;;;;;;;;;;;;;Hirschzungen-Ahornwald auf Fels;22 22A 22C 22*;LS;Laub sonder  ;Laubwälder Sonderwaldstandorte;;;
22.00001;22A   ;;x;;Y;Y;Y;Y;Y;Y;Y;Y;;x;;22A;Geissbart-Ahornwald;22 22A 22C 22*;LS;Laub sonder  ;Laubwälder Sonderwaldstandorte;Anforderungsprofil von 22;;
22.00002;22C   ;x;;;Y;Y;Y;Y;Y;Y;Y;Y;;x;x;22C;Lerchensporn-Ahornwald;22 22A 22C 22*;LS;Laub sonder  ;Laubwälder Sonderwaldstandorte;Anforderungsprofil von 22;;
22.1;22*   ;;;x;Y;;Y;;Y;;Y;;;x;;22Stern;Insubrischer Hirschzungen-Ahornwald;22 22A 22C 22*;LS;Laub sonder  ;Laubwälder Sonderwaldstandorte;"neues Anforderungsprofil: 22 mit Hopfenbuche; Stechpalme; Eibe";;
23;23;x;;;Y;Y;Y;Y;Y;Y;Y;Y;;x;x;23;Mehlbeer-Ahornwald;23;LSE;Laub sonder extrem;Laubwälder Sonderwaldstandorte;;;
23.000003;23Fe  ;;;;;;;;;;;;;;;;Mehlbeer-Ahornwald auf Fels;23;LSE;Laub sonder extrem;Laubwälder Sonderwaldstandorte;;;
23.00016;23H   ;;x;;Y;Y;Y;Y;Y;Y;Y;Y;;x;;23H;Leberblümchen-Ahornwald;23H;ES;Esche;Eschen- und Erlenwälder;neues Anforderungsprofil;;
23.1;23*   ;x;;;Y;;;;Y;;Y;;;x;;23Stern;Haselnuss-Mehlbeerwald;23*;LSE;Laub sonder extrem;Laubwälder Sonderwaldstandorte;;;
24;24;;;;;;;;;;;;;;;;Ulmen-Ahornwald mit Turinermeister;24 24*;LS;Laub sonder;Laubwälder Sonderwaldstandorte;;;
24.1;24*   ;x;;;Y;Y;Y;Y;Y;Y;Y;Y;;x;x;24Stern;Ulmen-Ahornwald;24 24*;LS;Laub sonder;Laubwälder Sonderwaldstandorte;;;
24.100003;24*Fe ;;;;;;;;;;;;;;;;Ulmen-Ahornwald auf Fels;24 24*;LS;Laub sonder;Laubwälder Sonderwaldstandorte;;;
25;25;x;;;Y;Y;Y;Y;Y;Y;Y;Y;;x;x;25;Typischer Turinermeister-Lindenwald;25 34*;LS;Laub sonder  ;Laubwälder Sonderwaldstandorte;;;
25.000003;25Fe  ;;;;;;;;;;;;;;;;Typischer Turinermeister-Lindenwald auf Fels;25 34*;LS;Laub sonder  ;Laubwälder Sonderwaldstandorte;;;
25.00001;25A   ;;x;;Y;Y;Y;Y;Y;Y;Y;Y;;x;x;25_A;Eschen-Lindenmischwald mit Geissfuss;25A;ES;Esche;Eschen- und Erlenwälder;neues Anforderungsprofil;;
25.00011;25Q   ;;x;;Y;Y;Y;Y;Y;Y;Y;Y;;x;;25Q;Eichen-Lindenmischwald;25Q;EIMI;Eichemisch;Eichenwälder;neues Anforderungsprofil;;
25.00017;25O   ;;;;;;;;;;;;;x;x;25O;Feuchter insubrischer Schneesimsen-Lindenwald mit Hopfenbuche;25O;LSE;Laub sonder extrem;Laubwälder Sonderwaldstandorte;"Neues Anforderungprofil: 25B; weniger W'Li und S'Li; sehr wenig B'Ah und F'Ul; dafür mehr Hopfenbuche";;
25.00019;25F   ;;;;;;;;;;;;;;;;Turinermeister-Lindenwald mit Geissfuss;25F;LS;Laub sonder;Laubwälder Sonderwaldstandorte;;;
25.000193;25FFe ;;;;;;;;;;;;;;;;Turinermeister-Lindenwald mit Geissfuss auf Fels;25F;LS;Laub sonder  ;Laubwälder Sonderwaldstandorte;;;
25.001;25a   ;;;x;Y;;Y;;Y;;Y;;;x;x;25a;Typischer insubrischer Schneesimsen-Lindenwald;25a;LS;Laub sonder  ;Laubwälder Sonderwaldstandorte;"Neues Anforderungsprofil: 25A-34mA azonaler Teil; ohne Bu; weinger Eiche; Kastanie";;
25.001001;25as  ;;;x;Y;;Y;;Y;;Y;;;x;;25as;Trockener isubrischer Schneesimsen-Lindenwald;25as;LSE;Laub sonder extrem;Laubwälder Sonderwaldstandorte;neues Anforderungsprofil;;
25.002;25b   ;x ;;;Y;;;;Y;;Y;;;x;;25b;Insubrischer Turinermeister-Lindenwald;25B;LS;Laub sonder  ;Laubwälder Sonderwaldstandorte;;;
25.005;25e   ;x;;;Y;Y;Y;Y;Y;Y;Y;Y;;x;;25e;Linden-Eschen-Felsenwald;25e;LSE;Laub sonder extrem;Laubwälder Sonderwaldstandorte;;;
25.007;25f   ;x 25AF;;;Y;;;;Y;;Y;;;x;;25f;"Schluchtwald; saure Ausbildung";25f;LS;Laub sonder  ;Laubwälder Sonderwaldstandorte;;;
25.017;25au  ;;;x;Y;;Y;;Y;;Y;;;x;;25au;Feuchter insubrischer Schneesimsen-Lindenwald;25au;LS;Laub sonder  ;Laubwälder Sonderwaldstandorte;"Neues Anforderungsprofil: 25Am-33m azonaler Teil; ohne Bu; weinger Eiche; Kastanie";;
25.1;25*   ;x;;;Y;Y;Y;Y;Y;Y;Y;Y;;x;;25Stern;Ahorn-Lindenwald/Trockener Turinermeister-Lindenwald;25*;LS;Laub sonder  ;Laubwälder Sonderwaldstandorte;;;
26;26;x;;;Y;Y;Y;Y;Y;Y;Y;Y;;x;x;26;Ahorn-Eschenwald;26 29;ES;Esche;Eschen- und Erlenwälder;;;
26.009;26h   ;x;;;Y;Y;Y;Y;Y;Y;Y;Y;;x;x;26h;"Ahorn-Eschenwald; Höhenausbildung";26h 26w 29h;LHL;Laub hohe Lagen;Laubwälder hohe Lagen;;;
26.014;26w   ;;x;;Y;Y;Y;Y;Y;Y;Y;Y;;x;;26w;Ahorn-Eschenwald mit Schlaffer Segge;26h 26w 29h;LHL;Laub hohe Lagen;Laubwälder hohe Lagen;;;
27;27;x;;;Y;Y;Y;Y;Y;Y;Y;Y;;x;x;27;Bach-Eschenwald;27;ES;Esche;Eschen- und Erlenwälder;;;
27.00017;27O   ;;;x;Y;;Y;;Y;;Y;;;x;;27O;Königsfarn-Schwarzerlenwald;27O;ER;Erle;Eschen- und Erlenwälder;Anforderungsprofil von 33-27 übernehmen;;
27.009;27h   ;x;;;Y;Y;Y;Y;Y;Y;Y;Y;;x;x;27h;"Bach-Eschenwald; Höhenausbildung";27h;LHL;Laub hohe Lagen;Laubwälder hohe Lagen;;;
27.1;27*   ;x;;;Y;Y;Y;Y;Y;Y;Y;Y;;x;;27Stern;Hochstauden-Weisserlen-Ahornwald;27*;LHL;Laub hohe Lagen;Laubwälder hohe Lagen;;;
28;28;;x;;Y;Y;Y;Y;Y;Y;Y;Y;;x;x;28;Ulmen-Eschen-Auenwald;28 29A 29C;Au;Auen Laub;Auenwälder Laub;;;
29;29;x;;;Y;Y;Y;Y;Y;Y;Y;Y;;x;x;29;Ulmen-Eschenwald;26 29;ES;Esche;Eschen- und Erlenwälder;;;
29.00001;29A   ;;x;;Y;Y;Y;Y;Y;Y;Y;Y;;x;x;29A;Zweiblatt-Eschen-Auenwald;28 29A 29C;Au;Auen Laub;Auenwälder Laub;;;
29.00002;29C   ;;x;;Y;Y;Y;Y;Y;Y;Y;Y;;x;x;29C;Ulmen-Eschen-Auenwald mit Weissegge;28 29A 29C;Au;Auen Laub;Auenwälder Laub;;;
29.009;29h   ;x;;;Y;Y;Y;Y;Y;Y;Y;Y;;x;x;29h;Ulmen-Eschenwald mit Waldschachtelhalm;26h 26w 29h;LHL;Laub hohe Lagen;Laubwälder hohe Lagen;;;
30;30;x;;;Y;Y;Y;Y;Y;Y;Y;Y;;x;x;30;Traubenkirschen-Eschenwald;30 44;ESER;Esche-Erle;Eschen- und Erlenwälder;;;
31;31;;x;;Y;Y;Y;Y;Y;Y;Y;Y;;x;;31;Tieflagen-Grauerlenwald;31 32C 32V;Au;Auen Laub;Auenwälder Laub;;;
32.00002;32C   ;;x;;Y;Y;Y;Y;Y;Y;Y;Y;;x;x;32C;Untermontaner Grauerlenwald;31 32C 32V;Au;Auen Laub;Auenwälder Laub;;;
32.00012;32S   ;;x;;Y;Y;Y;Y;Y;Y;Y;Y;;x;;32S;Subalpiner Loorbeerweidenauenwald;32S;Au;Auen Laub;Auenwälder Laub;;;
32.00014;32V   ;;x;;Y;Y;Y;Y;Y;Y;Y;Y;;x;x;32V;Obermontaner Grauerlenwald;31 32C 32V;Au;Auen Laub;Auenwälder Laub;;;
32.1;32*   ;;x;;Y;Y;Y;Y;Y;Y;Y;Y;;x;x;32Stern;Typischer Ahorn-Weisserlenwald;32*;PI;Pionierwald;Pionierwälder;;;
33.00014;33V   ;;x;;Y;Y;Y;Y;Y;Y;Y;Y;;x;;33V;Montaner Salbei-Eschenwald;33V;PI;Pionierwald;Pionierwälder;;;
33.001;33a   ;;;x;Y;;Y;;Y;;Y;;;x;x;33a;Heidelbeer-Geissbart-Eschenwald;33a;LSKA;Laub Süd Kastanie;Mesophile Laubwälder Insubriens;Anforderungsprofil von 33AV-33A übernehmen;;
33.002;33b   ;;;x;;;;;Y;;;;;x;;33b;Zyclamen-Geissbart-Eschenwald;33b;LSKA;Laub Süd mittel;Mesophile Laubwälder Insubriens;"Neues Anforderungsprofil: 25Am-33m zonaler Teil; mehr Bu; weniger Linde";;
33.01;33m   ;;;x;;;;;Y;;;;;x;x;33m;Geissbart-Eschenwald mit Kastanie;33m;LSM;Laub Süd mittel;Mesophile Laubwälder Insubriens;"Neues Anforderungsprofil: 33-25A zonaler Teil; mehr Bu; weniger LI und B'Ah";;
34.001;34a   ;;;x;;;;;Y;;;;;x;x;34a;"Kreuzlabkraut-Eichenwald mit Kastanie; saure Variante";34a;LSM;Laub Süd mittel;Mesophile Laubwälder Insubriens;"Neues Anforderungsprofil: 25A-34m zonaler Teil; mehr Bu; weniger Linde ";;
34.002;34b   ;x 34B;;;Y;;;;Y;;Y;;;x;;34b;"Kreuzlabkraut-Eichenwald mit Kastanie; basische Variante";34b;LSM;Laub Süd mittel;Mesophile Laubwälder Insubriens;;;
34.1;34*   ;;x;;Y;Y;Y;Y;Y;Y;Y;Y;;x;;34Stern;Schneesimsen-Winterlindenwald;25 34*;LS;Laub sonder  ;Laubwälder Sonderwaldstandorte;Anforderungsprofil von 25;;
35;35;x;;;Y;Y;Y;Y;Y;Y;Y;Y;;x;x;35;Waldlabkraut-Hainbuchen-Mischwald;35 35A 35M 35Q 35S;EIMI;Eichemisch;Eichenwälder;35Q im gleichen Anforderungsprofil (19.3.2014);;
35.00007;35M   ;;x;;Y;Y;Y;Y;Y;Y;Y;Y;;x;;35M;Waldlabkraut-Hainbuchenwald mit Pfeifengras;35 35A 35M 35Q 35S;EIMI;Eichemisch;Eichenwälder;35Q im gleichen Anforderungsprofil (19.3.2014);;
35.00011;35Q   ;;;x;;;;;Y;;;;;x;x;35Q;Stieleichen-Winterlinden-Talboden-Auenwald;35 35A 35M 35Q 35S;EIMI;Eichemisch;Eichenwälder;35Q im gleichen Anforderungsprofil (19.3.2014);;
35.00012;35S   ;x;;;Y;;;;Y;;Y;;;x;;35S;Blaustern-Hagebuchenmischwald;35 35A 35M 35Q 35S;EIMI;Eichemisch;Eichenwälder;35Q im gleichen Anforderungsprofil (19.3.2014);;
35.001;35A   ;x;;;Y;Y;Y;Y;Y;Y;Y;Y;;x;x;35A;Aronstab-Eichenmischwald;35 35A 35M 35Q 35S;EIMI;Eichemisch;Eichenwälder;35Q im gleichen Anforderungsprofil (19.3.2014);;
36;36;x;;;Y;;;;Y;;Y;;;x;;36;Hagebuchen-Hopfenbuchenwald;36;HO;Hopfenbuche;Mesophile Laubwälder Insubriens;"Anforderungsprofil anpassen: neu ohne Schuttwälder (mit Schutt 25b); evt. Esche erwähnen";;
37;37;x;;;Y;;;;Y;;Y;;;x;x;37;Hopfenbuchen-Eichenwald;37;HO;Hopfenbuche;Mesophile Laubwälder Insubriens;;;
38;38;x;;;Y;Y;Y;Y;Y;Y;Y;Y;;x;;38;Turmkressen-Flaumeichenwald;38 38S 39 39* 40* 41 41*;EI;Eiche ;Eichenwälder;;;
38.00012;38S   ;x;;;Y;Y;Y;Y;Y;Y;Y;Y;;x;x;38S;Seifenkraut-Flaumeichenwald;38 38S 39 39* 40* 41 41*;EI;Eiche ;Eichenwälder;;;
38.1;38*   ;x;;;Y;;;;Y;;Y;;;x;;38Stern;Purpurwaldmeister-Flaumeichenwald;42r 42B 38*;EI;Eiche ;Eichenwälder;;;
39;39;x;;;Y;Y;Y;Y;Y;Y;Y;Y;;x;;39;Kronwicken-Eichenmischwald;38 38S 39 39* 40* 41 41*;EI;Eiche ;Eichenwälder;;;
39.1;39*   ;x;;;Y;Y;Y;Y;Y;Y;Y;Y;;x;x;39Stern;Kreuzdorn-Eichenmischwald;38 38S 39 39* 40* 41 41*;EI;Eiche ;Eichenwälder;;;
40.00008;40P   ;;in Arbeit;;Y;Y;Y;Y;Y;Y;Y;Y;;x;x;40P;Pionier-Aspen-Haselbuschwald;40P 40PBl;PI;Pionierwald;Pionierwälder;neues Anforderungsprofil 40P 40PBl;;
40.000082;40PBl ;;in Arbeit;;Y;Y;Y;Y;Y;Y;Y;Y;;x;x;40PBl;Aspen-Haselbuschwald auf Blockschutt;40P 40PBl;PI;Pionierwald;Pionierwälder;neues Anforderungsprofil 40P 40PBl;;
40.01308;40Pt  ;;;;;;;;;;;;;;;;"Pionier-Aspen-Haselbuschwald; Tieflagenausbildung";40Pt 40PBlt;PI;Pionierwald;Pionierwälder;;;
40.013082;40PBlt;;;;;;;;;;;;;;;;"Aspen-Haselbuschwald auf Blockschutt; Tieflagenausbildung";40Pt 40PBlt;PI;Pionierwald;Pionierwälder;;;
40.1;40*   ;x;;;Y;Y;Y;Y;Y;Y;Y;Y;;x;x;40Stern;Gamander-Eichenwald;38 38S 39 39* 40* 41 41*;EI;Eiche ;Eichenwälder;;;
41;41;x;;;Y;Y;Y;Y;Y;Y;Y;Y;;x;;41;Platterbsen-Eichenmischwald;38 38S 39 39* 40* 41 41*;EI;Eiche ;Eichenwälder;;;
41.1;41*   ;x;;;Y;Y;Y;Y;Y;Y;Y;Y;;x;;41Stern;Hainsimsen-Eichenwald;38 38S 39 39* 40* 41 41*;EI;Eiche ;Eichenwälder;;;
42.00002;42C   ;;;x;;;;;Y;;;;;x;x;42C;Rapunzel-Eichenwald mit Kastanie;42C ;EIKA;Eiche-Kastanie;Eichenwälder;"Anforderungsprofil von 42C/Q; mit mehr Kastanie";;
42.00011;42Q   ;;;x;;;;;Y;;;;;x;;42Q;Typischer Rapunzel-Eichenwald;42Q;EI ;Eiche;Eichenwälder;"Anforderungsprofil von 42C/Q; mit mehr Eiche";;
42.00014;42V   ;x;;;Y;;;;Y;;Y;;;x;x;42V;Eichen-Kastanienwald mit Heidelbeere;42V;EIBU;Eiche-Buche ;Buchenwälder;;;
42.011;42r   ;x 42R;;;Y;;;;Y;;Y;;;x;x;42r;Eichen-Kastanienwald auf Fels;42r 42B 38*;EI ;Eiche;Eichenwälder;;;
42.012;42B   ;;;x;;;;;Y;;;;;x;;42B;"Eichen-Kastanienwald auf Fels; basische Variante";42r 42B 38*;EI ;Eiche;Eichenwälder;Wie 42r zu wenig wüchsig für Schutzwaldpflege;;
42.013;42t   ;x (42)-34A;;;Y;;;;Y;;Y;;;x;x;42t;Eichen-Kastanienwald in Entwicklung;42t;LSKA;Laub Süd Kastanie;Mesophile Laubwälder Insubriens;;;
43;43;;x;;Y;Y;Y;Y;Y;Y;Y;Y;;x;;43;Silberweidenauenwald;43 43S ;Au;Auen Laub;Auenwälder Laub;;;
43.00012;43S   ;;x;;Y;Y;Y;Y;Y;Y;Y;Y;;x;;43S;Lavendelweidengebüsch;43 43S ;Au;Auen Laub;Auenwälder Laub;;;
43.1;43*   ;;;;;;;;;;;;;x;;43Stern;Insubrischer Schwarzpappelauenwald;43*;Au;Auen Laub;Auenwälder Laub;im Tessin und evt. auch im Wallis unterhalb von Leukerbad;;
44;44;x;;;Y;Y;Y;Y;Y;Y;Y;Y;;x;;44;Seggen-Schwarzerlenbruch;30 44;ESER;Esche-Erle;Eschen- und Erlenwälder;;;
45;45;x;;;Y;Y;Y;Y;Y;Y;Y;Y;;x;;45;Föhren-Birkenbruchwald;45;M;Moor;Moorwälder;;;
46;46;x;;;Y;Y;Y;Y;Y;Y;Y;Y;;x;x;46;Typischer Heidelbeer-Ta-Fi-Wald;46 46M 46*;TAFIMO;Tanne-Fichte Moderholz;Tannen-Fichtenwälder;;;
46.0000003;46Re  ;;;;;;;;;;;;;;;;Typischer Heidelbeer-Ta-Fi-Wald im Ta-Reliktareal;46Re 46MRe 46*;;;;;;
46.00007;46M   ;x;;;Y;Y;Y;Y;Y;Y;Y;Y;;x;x;46M;Heidelbeer-Ta-Fi-Wald auf Podsol;46 46M 46*;TAFIMO;Tanne-Fichte Moderholz;Tannen-Fichtenwälder;;;
46.0000703;46MRe ;;;;;;;;;;;;;;;;Heidelbeer-Ta-Fi-Wald auf Podsol im Ta-Reliktareal;46Re 46MRe 46*;;;;;;
46.013;46t   ;x;;;Y;Y;Y;Y;Y;Y;Y;Y;;x;x;46t;Peitschenmoss-Fi-Ta-Wald;46t;TAFIMO;Tanne-Fichte Moderholz;Tannen-Fichtenwälder;"neues Anforderungsprofil; 46 mit Eiche; Buche";;
46.1;46*   ;x;;;Y;Y;Y;Y;Y;Y;Y;Y;;x;x;46Stern;Heidelbeer-Ta-Fi-Wald mit Torfmoos;46 46M 46*;TAFIMO;Tanne-Fichte Moderholz;Tannen-Fichtenwälder;;;
46.1000003;46*Re ;;;;;;;;;;;;;;;;Heidelbeer-Ta-Fi-Wald mit Torfmoos im Ta-Reliktareal;46Re 46MRe 46*;;;;;;
47;47;x;;;Y;Y;Y;Y;Y;Y;Y;Y;;x;x;47;Wollreitgras-Ta-Fi-Wald;47;TAFIM;Tanne-Fichte mittel;Tannen-Fichtenwälder;;;
47.0000003;47Re  ;;;;;;;;;;;;;;;;Wollreitgras-Ta-Fi-Wald im Ta-Reliktareal;47Re;;;;;;
47.00003;47D   ;x;;;Y;Y;Y;Y;Y;Y;Y;Y;;x;x;47D;"Wollreitgras-Ta-Fi-Wald; farnreicher";47D;TAFIM;Tanne-Fichte mittel;Tannen-Fichtenwälder;;;
47.0000303;47DRe ;;;;;;;;;;;;;;;;"Wollreitgras-Ta-Fi-Wald; farnreicher im Ta-Reliktareal";47DRe;;;;;;
47.00007;47M   ;x;;;Y;Y;Y;Y;Y;Y;Y;Y;;x;x;47M;Wollreitgras-Ta-Fi-Wald mit Wachtelweizen;47M;TAFIM;Tanne-Fichte mittel;Tannen-Fichtenwälder;;;
47.0000703;47MRe ;;;;;;;;;;;;;;;;Wollreitgras-Ta-Fi-Wald mit Wachtelweizen im Ta-Reliktareal;47MRe;;;;;;
47.00016;47H   ;x;;;Y;Y;Y;Y;Y;Y;Y;Y;;x;x;47H;Zypressenschlafmoos-Fi-Wald;47H;FIHM;Fichte hochmontan mittel;Fichtendominierte Wälder hochmontan;;;
47.1;47*   ;x;;;Y;Y;Y;Y;Y;Y;Y;Y;;x;;47Stern;Alpenrosen-Lärchen-Ta-Wald;47*;LATA;Lärche-Tanne;Tannen-Fichtenwälder;;;
47.1000001;47*Lä;;;;;;;;;;;;;;;;Alpenrosen-Lärchen-Ta-Wald;47*;LATA;Lärche-Tanne;Tannen-Fichtenwälder;;;
48;48;x;;;Y;Y;Y;Y;Y;Y;Y;Y;;x;x;48;Blockschutt-Ta-Fi-Wald;48;TAFIMO;Tanne-Fichte Moderholz;Tannen-Fichtenwälder;;;
49;49;x;;;Y;Y;Y;Y;Y;Y;Y;Y;;x;x;49;Typischer Schachtelhalm-Ta-Fi-Wald;49;TAFIMO;Tanne-Fichte Moderholz;Tannen-Fichtenwälder;;;
49.1;49*   ;x;;;Y;Y;Y;Y;Y;Y;Y;Y;;x;x;49Stern;Schachtelhalm-Ta-Fi-Wald mit Rostsegge;49*;TAFIMO;Tanne-Fichte Moderholz;Tannen-Fichtenwälder;;;
49.1000002;49*Ta ;;;;;;;;;;;;;;;;Schachtelhalm-Ta-Fi-Wald mit Rostsegge (mit Tanne);;;;;;;
50;50;x;;;Y;Y;Y;Y;Y;Y;Y;Y;;x;x;50;Typischer Hochstauden-Ta-Fi-Wald;50;TAFIMO;Tanne-Fichte Moderholz;Tannen-Fichtenwälder;;;
50.0000003;50Re  ;;;;;;;;;;;;;;;;Typischer Hochstauden-Ta-Fi-Wald im Ta-Reliktareal;50Re;;;;;;
50.000003;50Fe  ;;;;;;;;;;;;;;;;Typischer Hochstauden-Ta-Fi-Wald auf Fels;50;TAFIMO;Tanne-Fichte Moderholz;Tannen-Fichtenwälder;;;
50.0000033;50FeRe;;;;;;;;;;;;;;;;Typischer Hochstauden-Ta-Fi-Wald auf Fels im Ta-Reliktareal;50Re;;;;;;
50.00008;50P   ;x;;;Y;Y;Y;Y;Y;Y;Y;Y;;x;x;50P;Hochstauden-Ta-Fi-Wald mit Pestwurz;50P;TAFIMO;Tanne-Fichte Moderholz;Tannen-Fichtenwälder;;;
50.1;50*   ;x;;;Y;Y;Y;Y;Y;Y;Y;Y;;x;x;50Stern;Karbonat-Ta-Fi-Wald mit kahlem Alpendost;51 50*;TAFIM;Tanne-Fichte mittel;Tannen-Fichtenwälder;;;
50.1000003;50*Re ;;;;;;;;;;;;;;;;Karbonat-Ta-Fi-Wald mit kahlem Alpendost im Ta-Reliktareal;50*Re 51Re;;;;;;
51;51;x;;;Y;Y;Y;Y;Y;Y;Y;Y;;x;x;51;Typischer Labkraut-Ta-Fi-Wald;51 50*;TAFIM;Tanne-Fichte mittel;Tannen-Fichtenwälder;;;
51.0000003;51Re  ;;;;;;;;;;;;;;;;Typischer Labkraut-Ta-Fi-Wald im Ta-Reliktareal;50*Re 51Re;;;;;;
51.000003;51Fe  ;;;;;;;;;;;;;;;;Typischer Labkraut-Ta-Fi-Wald auf Fels;51 50*;TAFIM;Tanne-Fichte mittel;Tannen-Fichtenwälder;;;
51.0000033;51FeRe;;;;;;;;;;;;;;;;Typischer Labkraut-Ta-Fi-Wald auf Fels im Ta-Reliktareal;50*Re 51Re;;;;;;
51.00002;51C   ;x;;;Y;Y;Y;Y;Y;Y;Y;Y;;x;;51C;Labkraut-Ta-Fi-Wald mit Hasel;51C 52T;TAFIM;Tanne-Fichte mittel;Tannen-Fichtenwälder;;;
52;52;x;;;Y;Y;Y;Y;Y;Y;Y;Y;;x;x;52;Karbonat-Ta-Fi-Wald mit Weisssegge;52;TAFIM;Tanne-Fichte mittel;Tannen-Fichtenwälder;;;
52.0000003;52Re  ;;;;;;;;;;;;;;;;Karbonat-Ta-Fi-Wald mit Weisssegge im Ta-Reliktareal;52Re;;;;;;
52.00013;52T   ;;x;;Y;Y;Y;Y;Y;Y;Y;Y;;x;;52T;Karbonat-Ta-Fi-Wald mit Winterlinde;51C 52T;TAFIM;Tanne-Fichte mittel;Tannen-Fichtenwälder;;;
53;53;x;;;Y;Y;Y;Y;Y;Y;Y;Y;;x;x;53;Zwergbuchs-Fichten-Wald;53;FISB;Fichte subalpin basisch;Fichtendominierte Wälder subalpin;;;
53.0000001;53Lä ;;;;;;;;Y;Y;;;;;;;Zwergbuchs-Fichtenwald mit Lärche;53Lä;FISB;Fichte subalpin basisch;Fichtendominierte Wälder subalpin;;;
53.0000002;53Ta  ;;;;;;;;Y;;;;;;;;Zwergbuchs-Fichtenwald mit Tanne;53Ta;FISB;Fichte subalpin basisch;Fichtendominierte Wälder subalpin;;;
53.00001;53A   ;;x;;Y;Y;Y;Y;Y;Y;Y;Y;;x;;53A;Zwergbuchs-Fichten-Wald mit Hainlattich;53A;FISB;Fichte subalpin basisch;Fichtendominierte Wälder subalpin;"Neuse Anforderungsprofil. Verjüngung uaf Moderholz und Minerlaerde; Keine Verjüngung unter Schirm. Viel Sonne kein Problem; recht verjüngungsgünstig. ";;
53.0000102;53ATa ;;;;;;;;Y;Y;;;;;;;"Zwergbuchs-Fichten-Wald mit Hainlattich; mit Tanne";53ATa;FISB;Fichte subalpin basisch;Fichtendominierte Wälder subalpin;"Neues Anforderungsprofil. Verjüngung auf Moderholz und Minerlaerde; Keine Verjüngung unter Schirm. Viel Sonne kein Problem; recht verjüngungsgüns";;
53.1;53*   ;x;;;Y;Y;Y;Y;Y;Y;Y;Y;;x;x;53Stern;Erika-Fichtenwald;53*;FIHT;Fichte hochmontan trocken;Fichtendominierte Wälder hochmontan;;;
53.1000001;53*s  ;;;;;;;;;;;;;;;;"Erika-Fichtenwald; subalpine Ausbildung";53*s;FISB;Fichte subalpin basisch;Fichtendominierte Wälder subalpin;;;
53.1000002;53*Ta ;;;;;;;;Y;Y;;;;;;;Erika-Fichtenwald mit Ta;53*Ta;FIHT;Fichte hochmontan trocken;Fichtendominierte Wälder hochmontan;;;
54;54;;x;;Y;Y;Y;Y;Y;Y;Y;Y;;x;x;54;Typischer Perlgras-Fichtenwald;54 54A 55;FIHM;Fichte hochmontan mittel;Fichtendominierte Wälder hochmontan;;;
54.00001;54A   ;;x;;Y;Y;Y;Y;Y;Y;Y;Y;;x;;54A;Perlgras-Fichtenwald mit Atragene;54 54A 55;FIHM;Fichte hochmontan mittel;Fichtendominierte Wälder hochmontan;;;
55;55;x;;;Y;Y;Y;Y;Y;Y;Y;Y;;x;x;55;Ehrenpreis-Fichtenwald;54 54A 55;FIHM;Fichte hochmontan mittel;Fichtendominierte Wälder hochmontan;;;
55.1;55*   ;x;;;Y;Y;Y;Y;Y;Y;Y;Y;;x;x;55Stern;Schneesimsen-Fi-Wald;55*;FIHT;Fichte hochmontan trocken;Fichtendominierte Wälder hochmontan;;;
55.1000001;55*Lä;;;;;;;;;;;;;;;;Schneesimsen-Fi-Wald mit Lärche;55*Lä;FIHT;Fichte hochmontan trocken;Fichtendominierte Wälder hochmont;;;
55.1000002;55*Ta ;;;;;;;;Y;Y;;;;;;;Schneesimsen-Fi-Wald mit Tanne;55*Ta;FIHT;Fichte hochmontan trocken;Fichtendominierte Wälder hochmontan;;;
56;56;x;;;Y;;Y;;Y;;Y;;;x;x;56;Moorrand-Fichtenwald;56;M;Moor;Moorwälder;;;
57.000002;57Bl  ;x;;;Y;Y;Y;Y;Y;Y;Y;Y;;x;x;57Bl;"Alpenlattich-Fichtenwald; Blockausbildung";57Bl;FISMOF;Fichte subalpin Moderholz feucht;Fichtendominierte Wälder subalpin;;;
57.0000022;57BlTa;;;;;;;;Y;Y;;;;;;;"Alpenlattich-Fichtnewald; Blockausbildung; mit Tanne";57BlTa;FISMOF;Fichte subalpin Moderholz feucht;Fichtendominierte Wälder subalpin;;;
57.00002;57C   ;x;;;Y;Y;Y;Y;Y;Y;Y;Y;;x;x;57C;Alpenlattich-Fichtenwald mit Wollreitgras;57C 57V 57VM;FISMOM;Fichte subalpin Moderholz mittel;Fichtendominierte Wälder subalpin;;;
57.0000201;57CLä;;;;;;;;Y;Y;;;;;;;Alpenlattich-Fichtenwald mit Wollreitgras mit Lärche;57CLä 57VLä;FISMOM;Fichte subalpin Moderholz mittel;Fichtendominierte Wälder subalpin;;;
57.0000202;57CTa ;;;;;;;;Y;Y;;;;;;;Alpenlattich-Fichtenwald mit Wollreitgras und Tanne;57CTa 57VTa;FISMOM;Fichte subalpin Moderholz mittel;Fichtendominierte Wälder subalpin;;;
57.00007;57M   ;x;;;Y;Y;Y;Y;Y;Y;Y;Y;;x;x;57M;Alpenlattich-Fichtenwald mit Waldwachtelweizen;57M;FISMI;Fichte subalpin Mineralderde;Fichtendominierte Wälder subalpin;;;
57.00012;57S   ;x;;;Y;Y;Y;Y;Y;Y;Y;Y;;x;x;57S;Alpenlattich-Fichtenwald mit Torfmoos;57S;FISMOF;Fichte subalpin Moderholz feucht;Fichtendominierte Wälder subalpin;;;
57.0001202;57STa ;;;;;;;;Y;Y;;;;;;;Alpenlattich-Fichtenwald mit Torfmoos und Tanne;57STa;FISMOF;Fichte subalpin Moderholz feucht;Fichtendominierte Wälder subalpin;;;
57.00014;57V   ;x;;;Y;Y;Y;Y;Y;Y;Y;Y;;x;x;57V;Alpenlattich-Fichtenwald mit Heidelbeere;57C 57V 57VM;FISMOM;Fichte subalpin Moderholz mittel;Fichtendominierte Wälder subalpin;;;
57.0001401;57VLä;;;;;;;;Y;Y;;;;;;;Alpenlattich-Fichtenwald mit Heidelbeere mit Lärche;57CLä 57VLä;FISMOM;Fichte subalpin Moderholz mi;Fichtendominierte Wälder subalpin;;;
57.0001402;57VTa ;;;;;;;;Y;Y;;;;;;;Alpenlattich-Fichtenwald mit Heidelbeere und Tanne;57CTa 57VTa;FISMOM;Fichte subalpin Moderholz mittel;Fichtendominierte Wälder subalpin;;;
57.00018;57VM  ;;x;;Y;Y;Y;Y;Y;Y;Y;Y;;x;;57VM;Alpenlattich Fichtenwald mit Bergbaldrian;57C 57V 57VM;FISMOM;Fichte subalpin Moderholz mittel;Fichtendominierte Wälder subalpin;;;
58;58;x;;;Y;Y;Y;Y;Y;Y;Y;Y;;x;x;58;Typischer Preiselbeer-Fi-Wald;58;FISMI;Fichte subalpin Mineralderde;Fichtendominierte Wälder subalpin;;;
58.0000001;58Lä ;;;;;;;;Y;Y;;;;;;;Typischer Preiselbeer-Fi-Wald mit Lärche;58Lä;FISMI;Fichte subalpin Mineralderde;Fichtendominierte ;;;
58.000002;58Bl  ;;x;;Y;Y;Y;Y;Y;Y;Y;Y;;x;x;58Bl;"Preiselbeer-Fichtenwald; Blockausbildung";58Bl;FISMI;Fichte subalpin Mineralderde;Fichtendominierte Wälder subalpin;"kein Anforderungsprofil; da keine Pflegeeingriffe notwendig";;
58.000003;58Fe  ;;;;;;;;;;;;;;;;Alpenlattich-Fichtenwald mit Wollreitgras mit Lärche;58;FISMI;Fichte subalpin Mineralderde;Fichtendominierte Wälder subalpin;;;
58.00002;58C   ;x;;;Y;Y;Y;Y;Y;Y;Y;Y;;x;x;58C;Preiselbeer-Fi-Wald mit Wollreitgras;58C;FISMI;Fichte subalpin Mineralderde;Fichtendominierte Wälder subalpin;;;
58.00006;58L   ;x;;;Y;Y;Y;Y;Y;Y;Y;Y;;x;x;58L;Preiselbeer-Fi-Wald mit Laserkraut;58L;FISMI;Fichte subalpin Mineralderde;Fichtendominierte Wälder subalpin;;;
58.0000601;58LLä;;;;;;;;;;;;;;;;Preiselbeer-Fi-Wald mit Laserkraut mit Lärche;58LLä;FISMI;Fichte subalpin Mineralderde;Fichtendominierte Wälder subalpin;;;
59;59;x;;;Y;Y;Y;Y;Y;Y;Y;Y;;x;x;59;Lärchen-Arvenwald mit Alpenrose;59 59V;LAAV;Lärche-Arve;Arven- und Lärchenwälder;;;
59.0000001;59Lä ;;;;;;;;Y;Y;;;;;;;Lärchen-Arvenwald mit Alpenrose mit Lärche;59Lä 59VLä;LAAV;Lärche-Arve;Arven- und Lärchenwälder;;;
59.00001;59A   ;x;;;Y;Y;Y;Y;Y;Y;Y;Y;;x;;59A;Hochstauden-Lärchenwald;59A;LAE;Lärche ;Arven- und Lärchenwälder;;;
59.00002;59C   ;x;;;Y;Y;Y;Y;Y;Y;Y;Y;;x;;59C;Steinmispel-Arvenwald;59C 59E 59H 72;LAAVE;Lärche-Arve extrem;Arven- und Lärchenwälder;;;
59.00004;59E   ;x;;;Y;Y;Y;Y;Y;Y;Y;Y;;x;;59E;Lärchen-Arvenwald mit Erika;59C 59E 59H 72;LAAVE;Lärche-Arve extrem;Arven- und Lärchenwälder;;;
59.00005;59J   ;x;;;Y;Y;Y;Y;Y;Y;Y;Y;;x;x;59J;Wacholder-Lärchenwald;59J 59S;LAE;Lärche ;Arven- und Lärchenwälder;;;
59.00006;59L   ;x;;;Y;Y;Y;Y;Y;Y;Y;Y;;x;x;59L;Lärchen-Arvenwald mit Laserkraut;59L;LAAV;Lärche-Arve;Arven- und Lärchenwälder;;;
59.0000601;59LLä;;;;;;;;;;;;;;;;Lärchen-Arvenwald mit Laserkraut mit Lärche;59LLä;LAAV;Lärche-Arve;Arven- und Lärchenwälder;;;
59.00012;59S   ;;;x;;;;;Y;;;;;x;;59S;Blaugras-Lärchenwald;59J 59S;LAE;Lärche ;Arven- und Lärchenwälder;Anfoderungsprofil wie 59J ;;
59.00014;59V   ;x;;;Y;Y;Y;Y;Y;Y;Y;Y;;x;x;59V;Lärchen-Arvenwald mit Heidelbeere;59 59V;LAAV;Lärche-Arve;Arven- und Lärchenwälder;;;
59.0001401;59VLä;;;;;;;;Y;Y;;;;;;;Lärchen-Arvenwald mit Heidelbeere mit Lärche;59Lä 59VLä;LAAV;Lärche-Arve;Arven- und Lärchenwälder;;;
59.00016;59H   ;;x;;Y;Y;Y;Y;Y;Y;Y;Y;;x;;59H;Lärchen-Arvenwald mit Steinrose;59C 59E 59H 72;LAAVE;Lärche-Arve extrem;Arven- und Lärchenwälder;;;
59.00018;59R   ;;x;;Y;Y;Y;Y;Y;Y;Y;Y;;x;;59R;Lärchenwald mit schildblättriger Ampfer;59R;LAE;Lärche ;Arven- und Lärchenwälder;"kein Anforderungsprofil; da keine Pflegeeingriffe notwendig";;
59.1;59*   ;x;;;Y;Y;Y;Y;Y;Y;Y;Y;;x;x;59Stern;Alpenrosen-Lärchenwald;59*;LAAV;Lärche-Arve;Arven- und Lärchenwälder;;;
60;60;x;;;Y;Y;Y;Y;Y;Y;Y;Y;;x;x;60;Typischer Hochstauden-Fichtenwald;60 60A;FISMOF;Fichte subalpin Moderholz feucht;Fichtendominierte Wälder subalpin;;;
60.0000001;60Lä ;;;;;;;;Y;Y;;;;;;;Typischer Hochstauden-Fichtenwald mit Lärche;60Lä 60ALä;FISMOF;Fichte subalpin Moderholz feucht;Fichtendominierte Wälder subalpin;;;
60.0000002;60Ta  ;;;;;;;;Y;Y;;;;;;;Typischer Hochstauden-Fichtenwald mit Tanne;60Ta 60ATa;FISMOF;Fichte subalpin Moderholz feucht;Fichtendominierte Wälder subalpin;;;
60.00001;60A   ;x;;;Y;Y;Y;Y;Y;Y;Y;Y;;x;x;60A;Hochstauden-Fichtenwald mit Alpenwaldfarn;60 60A;FISMOF;Fichte subalpin Moderholz feucht;Fichtendominierte Wälder subalpin;;;
60.0000101;60ALä;;;;;;;;Y;Y;;;;;;;Hochstauden-Fichtenwald mit Alpenwaldfarn und Lärche;60Lä 60ALä;FISMOF;Fichte subalpin Moderholz feucht;Fichtendominierte Wälder subalpin;;;
60.0000102;60ATa ;;;;;;;;Y;Y;;;;;;;Hochstauden-Fichtenwald mit Alpenwaldfarn und Tanne;60Ta 60ATa;FISMOF;Fichte subalpin Moderholz feucht;Fichtendominierte Wälder subalpin;;;
60.00004;60E   ;x;;;Y;;Y;;Y;;Y;;;x;x;60E;Hochstauden-Fichtenwald mit Schachtelhalm;60E;FISMOF;Fichte subalpin Moderholz feucht;Fichtendominierte Wälder subalpin;;;
60.0000402;60ETa ;;;;;;;;Y;Y;;;;;;;Hochstauden-Fichtenwald mit Schachtelhalm und Tanne;60ETa ;FISMOF;Fichte subalpin Moderholz feucht;Fichtendominierte Wälder subalpin;;;
60.1;60*   ;x;;;Y;Y;Y;Y;Y;Y;Y;Y;;x;x;60Stern;Buntreitgras-Fi-Wald;60*;FISB;Fichte subalpin basisch;Fichtendominierte Wälder subalpin;;;
60.1000001;60*Lä;;;;;;;;Y;Y;;;;;;;Buntreitgras-Fi-Wald mit Lärche;60*Lä;FISB;Fichte subalpin basisch;Fichtendominierte Wälder subalpin;;;
60.1000002;60*Ta ;;;;;;;;Y;Y;;;;;;;Buntreitgras-Fi-Wald mit Tanne;60*Ta;FISB;Fichte subalpin basisch;Fichtendominierte Wälder subalpin;;;
61;61;x;;;Y;Y;Y;Y;Y;Y;Y;Y;;x;x;61;Pfeifengras-Föhrenwald;61;FOB;Föhre basisch;Waldföhrenwälder;;;
62;62;x;;;Y;Y;Y;Y;Y;Y;Y;Y;;x;x;62;Orchideen-Föhrenwald;62;FOB;Föhre basisch;Waldföhrenwälder;;;
65;65;x;;;Y;Y;Y;Y;Y;Y;Y;Y;;x;x;65;Erika-/Strauchwicken-Föhrenwald;65;FOB;Föhre basisch;Waldföhrenwälder;;;
65.1;65*   ;x;;;Y;Y;Y;Y;Y;Y;Y;Y;;x;x;65Stern;Hauhechel-Föhrenwald;65*;FOB;Föhre basisch;Waldföhrenwälder;;;
66;66;;x;;Y;Y;Y;Y;Y;Y;Y;Y;;x;x;66;Wintergrün- und Liguster-Föhrenwald;66;FOB;Föhre basisch;Waldföhrenwälder;;;
66.0001;66PM  ;;;;;;;;;;;;;x;;66PM;Bergföhren-Auenwald;66PM;BFO;Bergföhre;Bergföhrenwälder;;;
67;67;x;;;Y;Y;Y;Y;Y;Y;Y;Y;;x;x;67;Erika-Bergföhrenwald;67 69 70;BFO;Bergföhre;Bergföhrenwälder;;;
67.1;67*   ;;;;;;;;;;;;;;;;Erdseggen-Föhrenwald;67*;FOB;Föhre basisch;Bergföhrenwälder;;;
68;68;x;;;Y;Y;Y;Y;Y;Y;Y;Y;;x;;68;Besenheide-Föhrenwald;68;FOS;Föhre sauer;Waldföhrenwälder;;;
68.1;68*   ;x;;;Y;Y;Y;Y;Y;Y;Y;Y;;x;x;68Stern;Preiselbeer-Föhrenwald;68*;FOS;Föhre sauer;Waldföhrenwälder;;;
69;69;x;;;Y;Y;Y;Y;Y;Y;Y;Y;;x;x;69;Steinrosen-Bergföhrenwald;67 69 70;BFO;Bergföhre;Bergföhrenwälder;;;
70;70;x;;;Y;Y;Y;Y;Y;Y;Y;Y;;x;;70;Alpenrosen-Bergföhrenwald;67 69 70;BFO;Bergföhre;Bergföhrenwälder;;;
71;71;x;;;Y;Y;Y;Y;Y;Y;Y;Y;;x;;71;Torfmoos-Bergföhrenwald;71;M;Moor;Moorwälder;;;
72;72;x;;;Y;Y;Y;Y;Y;Y;Y;Y;;x;x;72;Nordalpen-Arvenwald;59C 59E 59H 72;LAAVE;Lärche-Arve extrem;Arven- und Lärchenwälder;;;
72.0000001;72Lä ;;;;;;;;Y;Y;;;;;;;Nordalpen-Arvenwald mit Lärche;72Lä;LAAVE;Lärche-Arve extrem;Arven- und Lärchenwälder;;;
91;91;x Rob;;;Y;;;;Y;;Y;;;x;;91;Robinienwälder sauer;91;LSM;Laub Süd mittel;Mesophile Laubwälder Insubriens;;;
92.001;92a   ;;;x;;;;;Y;;;;;x;;92a;"sonstige Neophytenwälder (Späte Traubenkirsche; Ailanthus; etc.) azonal";92a 92z;LSM;Laub Süd mittel;Mesophile Laubwälder Insubriens;Neues Anforderungsprofil 92z 92a;;
92.018;92z   ;;;x;;;;;Y;;;;;x;;92z;"sonstige Neophytenwälder (Späte Traubenkirsche; Ailanthus; etc.) zonal";92a 92z;LSM;Laub Süd mittel;Mesophile Laubwälder Insubriens;Neues Anforderungsprofil 92z 92a;;
93;93;;;x;;;;;Y;;;N;;x;;93;Insubrische Laurisilven (Immergrüne Laubwälder);93;LSM;Laub Süd mittel;Mesophile Laubwälder Insubriens;Neues Anforderungsprofil 93;;
1001;1G    ;;;;;;;;;;;;;;;;;FS;GEL;Gebüschwälder Laub;Gebüschwälder;;;
1001.009;1hG   ;;;;;;;;;;;;;;;;;FS;GEL;Gebüschwälder Laub;Gebüschwälder;;;
1003;3G    ;;;;;;;;;;;;;;;;;FS;GEL;Gebüschwälder Laub;Gebüschwälder;;;
1003.000001;3sG   ;;;;;;;;;;;;;;;;;FS;GEL;Gebüschwälder Laub;Gebüschwälder;;;
1003.00015;3LVG  ;;;;;;;;;;;;;;;;;FS;GEL;Gebüschwälder Laub;Gebüschwälder;;;
1003.01;3L/4LG;;;;;;;;;;;;;;;;;FS;GEL;Gebüschwälder Laub;Gebüschwälder;;;
1003.1;3*G   ;;;;;;;;;;;;;;;;;FS;GEL;Gebüschwälder Laub;Gebüschwälder;;;
1004;4G    ;;;;;;;;;;;;;;;;;FS;GEL;Gebüschwälder Laub;Gebüschwälder;;;
1004.1;4*G   ;;;;;;;;;;;;;;;;;FS;GEL;Gebüschwälder Laub;Gebüschwälder;;;
1006;6G    ;;;;;;;;;;;;;;;;;FS;GEL;Gebüschwälder Laub;Gebüschwälder;;;
1006.000003;6FeG  ;;;;;;;;;;;;;;;;;FS;GEL;Gebüschwälder Laub;Gebüschwälder;;;
1007.00012;7SG   ;;;;;;;;;;;;;;;;;FS;GEL;Gebüschwälder Laub;Gebüschwälder;;;
1007.000123;7SFeG ;;;;;;;;;;;;;;;;;FS;GEL;Gebüschwälder Laub;Gebüschwälder;;;
1007.001;7aG   ;;;;;;;;;;;;;;;;;FS;GEL;Gebüschwälder Laub;Gebüschwälder;;;
1007.001003;7aFeG ;;;;;;;;;;;;;;;;;FS;GEL;Gebüschwälder Laub;Gebüschwälder;;;
1007.1;7*G   ;;;;;;;;;;;;;;;;;FS;GEL;Gebüschwälder Laub;Gebüschwälder;;;
1008.00012;8SG   ;;;;;;;;;;;;;;;;;FS;GEL;Gebüschwälder Laub;Gebüschwälder;;;
1008.000123;8SFeG ;;;;;;;;;;;;;;;;;FS;GEL;Gebüschwälder Laub;Gebüschwälder;;;
1008.001;8aG   ;;;;;;;;;;;;;;;;;FS;GEL;Gebüschwälder Laub;Gebüschwälder;;;
1008.001003;8aFeG ;;;;;;;;;;;;;;;;;FS;GEL;Gebüschwälder Laub;Gebüschwälder;;;
1008.004;8dG   ;;;;;;;;;;;;;;;;;FS;GEL;Gebüschwälder Laub;Gebüschwälder;;;
1008.004003;8dFeG ;;;;;;;;;;;;;;;;;FS;GEL;Gebüschwälder Laub;Gebüschwälder;;;
1008.1;8*G   ;;;;;;;;;;;;;;;;;FS;GEL;Gebüschwälder Laub;Gebüschwälder;;;
1009.001;9aG   ;;;;;;;;;;;;;;;;;FS;GEL;Gebüschwälder Laub;Gebüschwälder;;;
1009.001003;9aFeG ;;;;;;;;;;;;;;;;;FS;GEL;Gebüschwälder Laub;Gebüschwälder;;;
1009.014;9wG   ;;;;;;;;;;;;;;;;;FS;GEL;Gebüschwälder Laub;Gebüschwälder;;;
1010.001;10aG  ;;;;;;;;;;;;;;;;;FS;GEL;Gebüschwälder Laub;Gebüschwälder;;;
1010.014;10wG  ;;;;;;;;;;;;;;;;;FS;GEL;Gebüschwälder Laub;Gebüschwälder;;;
1011;11G   ;;;;;;;;;;;;;;;;;FS;GEL;Gebüschwälder Laub;Gebüschwälder;;;
1011.000003;11FeG ;;;;;;;;;;;;;;;;;FS;GEL;Gebüschwälder Laub;Gebüschwälder;;;
1012;12*G  ;;;;;;;;;;;;;;;;;FS;GEL;Gebüschwälder Laub;Gebüschwälder;;;
1012.00012;12SG  ;;;;;;;;;;;;;;;;;FS;GEL;Gebüschwälder Laub;Gebüschwälder;;;
1012.000123;12SFeG;;;;;;;;;;;;;;;;;FS;GEL;Gebüschwälder Laub;Gebüschwälder;;;
1012.001;12aG  ;;;;;;;;;;;;;;;;;FS;GEL;Gebüschwälder Laub;Gebüschwälder;;;
1012.001003;12aFeG;;;;;;;;;;;;;;;;;FS;GEL;Gebüschwälder Laub;Gebüschwälder;;;
1012.005;12eG  ;;;;;;;;;;;;;;;;;FS;GEL;Gebüschwälder Laub;Gebüschwälder;;;
1012.009;12*hG ;;;;;;;;;;;;;;;;;FS;GEL;Gebüschwälder Laub;Gebüschwälder;;;
1012.014;12wG  ;;;;;;;;;;;;;;;;;FS;GEL;Gebüschwälder Laub;Gebüschwälder;;;
1013.001;13aG  ;;;;;;;;;;;;;;;;;FS;GEL;Gebüschwälder Laub;Gebüschwälder;;;
1013.001003;13aFeG;;;;;;;;;;;;;;;;;FS;GEL;Gebüschwälder Laub;Gebüschwälder;;;
1013.005;13eG  ;;;;;;;;;;;;;;;;;FS;GEL;Gebüschwälder Laub;Gebüschwälder;;;
1013.006;13ehG ;;;;;;;;;;;;;;;;;FS;GEL;Gebüschwälder Laub;Gebüschwälder;;;
1013.009;13hG  ;;;;;;;;;;;;;;;;;FS;GEL;Gebüschwälder Laub;Gebüschwälder;;;
1013.1;13*G  ;;;;;;;;;;;;;;;;;FS;GEL;Gebüschwälder Laub;Gebüschwälder;;;
1014;14G   ;;;;;;;;;;;;;;;;;FS;GEL;Gebüschwälder Laub;Gebüschwälder;;;
1014.1;14*G  ;;;;;;;;;;;;;;;;;FS;GEL;Gebüschwälder Laub;Gebüschwälder;;;
1015;15G   ;;;;;;;;;;;;;;;;;FS;GEL;Gebüschwälder Laub;Gebüschwälder;;;
1016;16G   ;;;;;;;;;;;;;;;;;FS;GEL;Gebüschwälder Laub;Gebüschwälder;;;
1016.1;16*G  ;;;;;;;;;;;;;;;;;FS;GEL;Gebüschwälder Laub;Gebüschwälder;;;
1017;17G   ;;;;;;;;;;;;;;;;;FS;GEL;Gebüschwälder Laub;Gebüschwälder;;;
1018;18G   ;;;;;;;;;;;;;;;;;FS;GEL;Gebüschwälder Laub;Gebüschwälder;;;
1018.000003;18FeG ;;;;;;;;;;;;;;;;;FS;GEL;Gebüschwälder Laub;Gebüschwälder;;;
1018.00007;18MG  ;;;;;;;;;;;;;;;;;FS;GEL;Gebüschwälder Laub;Gebüschwälder;;;
1018.014;18wG  ;;;;;;;;;;;;;;;;;FS;GEL;Gebüschwälder Laub;Gebüschwälder;;;
1018.015;18vG  ;;;;;;;;;;;;;;;;;FS;GEL;Gebüschwälder Laub;Gebüschwälder;;;
1018.1;18*G  ;;;;;;;;;;;;;;;;;FS;GEL;Gebüschwälder Laub;Gebüschwälder;;;
1019;19G   ;;;;;;;;;;;;;;;;;FS;GEL;Gebüschwälder Laub;Gebüschwälder;;;
1019.000003;19FeG ;;;;;;;;;;;;;;;;;FS;GEL;Gebüschwälder Laub;Gebüschwälder;;;
1019.00006;19LG  ;;;;;;;;;;;;;;;;;FS;GEL;Gebüschwälder Laub;Gebüschwälder;;;
1019.00008;19PG  ;;;;;;;;;;;;;;;;;FS;GEL;Gebüschwälder Laub;Gebüschwälder;;;
1019.001;19aG  ;;;;;;;;;;;;;;;;;FS;GEL;Gebüschwälder Laub;Gebüschwälder;;;
1019.007;19fG  ;;;;;;;;;;;;;;;;;FS;GEL;Gebüschwälder Laub;Gebüschwälder;;;
1020;20G   ;;;;;;;;;;;;;;;;;FS;GEL;Gebüschwälder Laub;Gebüschwälder;;;
1020.000003;20FeG ;;;;;;;;;;;;;;;;;FS;GEL;Gebüschwälder Laub;Gebüschwälder;;;
1020.00004;20EG  ;;;;;;;;;;;;;;;;;FS;GEL;Gebüschwälder Laub;Gebüschwälder;;;
1021;21G   ;;;;;;;;;;;;;;;;;AP;GEL;Gebüschwälder Laub;Gebüschwälder;;;
1021.00006;21LG  ;;;;;;;;;;;;;;;;;AP;GEL;Gebüschwälder Laub;Gebüschwälder;;;
1021.1;21*G  ;;;;;;;;;;;;;;;;;AP;GEL;Gebüschwälder Laub;Gebüschwälder;;;
1022;22G   ;;;;;;;;;;;;;;;;;AP;GEL;Gebüschwälder Laub;Gebüschwälder;;;
1022.000003;22FeG ;;;;;;;;;;;;;;;;;AP;GEL;Gebüschwälder Laub;Gebüschwälder;;;
1022.00001;22AG  ;;;;;;;;;;;;;;;;;AP;GEL;Gebüschwälder Laub;Gebüschwälder;;;
1022.00002;22CG  ;;;;;;;;;;;;;;;;;AP;GEL;Gebüschwälder Laub;Gebüschwälder;;;
1022.1;22*G  ;;;;;;;;;;;;;;;;;AP;GEL;Gebüschwälder Laub;Gebüschwälder;;;
1023;23G   ;;;;;;;;;;;;;;;;;AP;GEL;Gebüschwälder Laub;Gebüschwälder;;;
1023.000003;23FeG ;;;;;;;;;;;;;;;;;AP;GEL;Gebüschwälder Laub;Gebüschwälder;;;
1023.1;23*G  ;;;;;;;;;;;;;;;;;AP;GEL;Gebüschwälder Laub;Gebüschwälder;;;
1024.1;24*G  ;;;;;;;;;;;;;;;;;AP;GEL;Gebüschwälder Laub;Gebüschwälder;;;
1024.100003;24*FeG;;;;;;;;;;;;;;;;;AP;GEL;Gebüschwälder Laub;Gebüschwälder;;;
1025;25G   ;;;;;;;;;;;;;;;;;GüL;GEL;Gebüschwälder Laub;Gebüschwälder;;;
1025.000003;25FeG ;;;;;;;;;;;;;;;;;GüL;GEL;Gebüschwälder Laub;Gebüschwälder;;;
1025.00017;25OG  ;;;;;;;;;;;;;;;;;GüL;GEL;Gebüschwälder Laub;Gebüschwälder;;;
1025.001;25aG  ;;;;;;;;;;;;;;;;;GüL;GEL;Gebüschwälder Laub;Gebüschwälder;;;
1025.002;25BG  ;;;;;;;;;;;;;;;;;GüL;GEL;Gebüschwälder Laub;Gebüschwälder;;;
1025.005;25eG  ;;;;;;;;;;;;;;;;;GüL;GEL;Gebüschwälder Laub;Gebüschwälder;;;
1025.007;25fG  ;;;;;;;;;;;;;;;;;GüL;GEL;Gebüschwälder Laub;Gebüschwälder;;;
1025.017;25. Aug;;;;;;;;;;;;;;;;;GüL;GEL;Gebüschwälder Laub;Gebüschwälder;;;
1025.1;25*G  ;;;;;;;;;;;;;;;;;GüL;GEL;Gebüschwälder Laub;Gebüschwälder;;;
1026;26G   ;;;;;;;;;;;;;;;;;AP;GEL;Gebüschwälder Laub;Gebüschwälder;;;
1026.009;26hG  ;;;;;;;;;;;;;;;;;AP;GEL;Gebüschwälder Laub;Gebüschwälder;;;
1027;27G   ;;;;;;;;;;;;;;;;;GüL;GEL;Gebüschwälder Laub;Gebüschwälder;;;
1027.00017;27OG  ;;;;;;;;;;;;;;;;;GüL;GEL;Gebüschwälder Laub;Gebüschwälder;;;
1027.009;27hG  ;;;;;;;;;;;;;;;;;GüL;GEL;Gebüschwälder Laub;Gebüschwälder;;;
1027.1;27*G  ;;;;;;;;;;;;;;;;;GüL;GEL;Gebüschwälder Laub;Gebüschwälder;;;
1028;28G   ;;;;;;;;;;;;;;;;;GüL;GEL;Gebüschwälder Laub;Gebüschwälder;;;
1029;29G   ;;;;;;;;;;;;;;;;;GüL;GEL;Gebüschwälder Laub;Gebüschwälder;;;
1029.00001;29AG  ;;;;;;;;;;;;;;;;;GüL;GEL;Gebüschwälder Laub;Gebüschwälder;;;
1029.00002;29CG  ;;;;;;;;;;;;;;;;;GüL;GEL;Gebüschwälder Laub;Gebüschwälder;;;
1029.009;29hG  ;;;;;;;;;;;;;;;;;GüL;GEL;Gebüschwälder Laub;Gebüschwälder;;;
1030;30G   ;;;;;;;;;;;;;;;;;GüL;GEL;Gebüschwälder Laub;Gebüschwälder;;;
1031;31G   ;;;;;;;;;;;;;;;;;GüL;GEL;Gebüschwälder Laub;Gebüschwälder;;;
1032.00002;32CG  ;;;;;;;;;;;;;;;;;GüL;GEL;Gebüschwälder Laub;Gebüschwälder;;;
1032.00012;32SG  ;;;;;;;;;;;;;;;;;GüL;GEL;Gebüschwälder Laub;Gebüschwälder;;;
1032.00014;32VG  ;;;;;;;;;;;;;;;;;GüL;GEL;Gebüschwälder Laub;Gebüschwälder;;;
1032.1;32*G  ;;;;;;;;;;;;;;;;;GüL;GEL;Gebüschwälder Laub;Gebüschwälder;;;
1033.00014;33VG  ;;;;;;;;;;;;;;;;;GüL;GEL;Gebüschwälder Laub;Gebüschwälder;;;
1033.001;33aG  ;;;;;;;;;;;;;;;;;GüL;GEL;Gebüschwälder Laub;Gebüschwälder;;;
1033.002;33bG  ;;;;;;;;;;;;;;;;;GüL;GEL;Gebüschwälder Laub;Gebüschwälder;;;
1033.01;33mG  ;;;;;;;;;;;;;;;;;GüL;GEL;Gebüschwälder Laub;Gebüschwälder;;;
1034.001;34aG  ;;;;;;;;;;;;;;;;;GüL;GEL;Gebüschwälder Laub;Gebüschwälder;;;
1034.002;34bG  ;;;;;;;;;;;;;;;;;GüL;GEL;Gebüschwälder Laub;Gebüschwälder;;;
1034.1;34*G  ;;;;;;;;;;;;;;;;;GüL;GEL;Gebüschwälder Laub;Gebüschwälder;;;
1035;35G   ;;;;;;;;;;;;;;;;;GüL;GEL;Gebüschwälder Laub;Gebüschwälder;;;
1035.00007;35MG  ;;;;;;;;;;;;;;;;;GüL;GEL;Gebüschwälder Laub;Gebüschwälder;;;
1035.00011;35QG  ;;;;;;;;;;;;;;;;;GüL;GEL;Gebüschwälder Laub;Gebüschwälder;;;
1035.00012;35SG  ;;;;;;;;;;;;;;;;;GüL;GEL;Gebüschwälder Laub;Gebüschwälder;;;
1035.001;35AG  ;;;;;;;;;;;;;;;;;GüL;GEL;Gebüschwälder Laub;Gebüschwälder;;;
1036;36G   ;;;;;;;;;;;;;;;;;GüL;GEL;Gebüschwälder Laub;Gebüschwälder;;;
1037;37G   ;;;;;;;;;;;;;;;;;GüL;GEL;Gebüschwälder Laub;Gebüschwälder;;;
1038;38G   ;;;;;;;;;;;;;;;;;GüL;GEL;Gebüschwälder Laub;Gebüschwälder;;;
1038.00012;38SG  ;;;;;;;;;;;;;;;;;GüL;GEL;Gebüschwälder Laub;Gebüschwälder;;;
1038.1;38*G  ;;;;;;;;;;;;;;;;;GüL;GEL;Gebüschwälder Laub;Gebüschwälder;;;
1039;39G   ;;;;;;;;;;;;;;;;;GüL;GEL;Gebüschwälder Laub;Gebüschwälder;;;
1039.1;39*G  ;;;;;;;;;;;;;;;;;GüL;GEL;Gebüschwälder Laub;Gebüschwälder;;;
1040.00008;40PG  ;;;;;;;;;;;;;;;;;GüL;GEL;Gebüschwälder Laub;Gebüschwälder;;;
1040.000082;40PBlG;;;;;;;;;;;;;;;;;GüL;GEL;Gebüschwälder Laub;Gebüschwälder;;;
1040.1;40*G  ;;;;;;;;;;;;;;;;;GüL;GEL;Gebüschwälder Laub;Gebüschwälder;;;
1041;41G   ;;;;;;;;;;;;;;;;;GüL;GEL;Gebüschwälder Laub;Gebüschwälder;;;
1041.1;41*G  ;;;;;;;;;;;;;;;;;GüL;GEL;Gebüschwälder Laub;Gebüschwälder;;;
1042.00002;42CG  ;;;;;;;;;;;;;;;;;GüL;GEL;Gebüschwälder Laub;Gebüschwälder;;;
1042.00011;42QG  ;;;;;;;;;;;;;;;;;GüL;GEL;Gebüschwälder Laub;Gebüschwälder;;;
1042.00014;42VG  ;;;;;;;;;;;;;;;;;GüL;GEL;Gebüschwälder Laub;Gebüschwälder;;;
1042.011;42rG  ;;;;;;;;;;;;;;;;;GüL;GEL;Gebüschwälder Laub;Gebüschwälder;;;
1042.012;42BG  ;;;;;;;;;;;;;;;;;GüL;GEL;Gebüschwälder Laub;Gebüschwälder;;;
1042.013;42tG  ;;;;;;;;;;;;;;;;;GüL;GEL;Gebüschwälder Laub;Gebüschwälder;;;
1043;43G   ;;;;;;;;;;;;;;;;;SA;GEL;Gebüschwälder Laub;Gebüschwälder;;;
1043.00012;43SG  ;;;;;;;;;;;;;;;;Weidengebüsch;SA;GEL;Gebüschwälder Laub;Gebüschwälder;;;
1043.1;43*G  ;;;;;;;;;;;;;;;;;GüL;GEL;Gebüschwälder Laub;Gebüschwälder;;;
1044;44G   ;;;;;;;;;;;;;;;;;GüL;GEL;Gebüschwälder Laub;Gebüschwälder;;;
1045;45G   ;;;;;;;;;;;;;;;;;GüL;GEL;Gebüschwälder Laub;Gebüschwälder;;;
1046;46G   ;;;;;;;;;;;;;;;;;GüN;GEN;Gebüschwälder Nadel;Gebüschwälder;;;
1046.00007;46MG  ;;;;;;;;;;;;;;;;;GüN;GEN;Gebüschwälder Nadel;Gebüschwälder;;;
1046.013;46tG  ;;;;;;;;;;;;;;;;;GüN;GEN;Gebüschwälder Nadel;Gebüschwälder;;;
1046.1;46*G  ;;;;;;;;;;;;;;;;;GüN;GEN;Gebüschwälder Nadel;Gebüschwälder;;;
1047;47G   ;;;;;;;;;;;;;;;;;GüN;GEN;Gebüschwälder Nadel;Gebüschwälder;;;
1047.00003;47DG  ;;;;;;;;;;;;;;;;;GüN;GEN;Gebüschwälder Nadel;Gebüschwälder;;;
1047.00007;47MG  ;;;;;;;;;;;;;;;;;GüN;GEN;Gebüschwälder Nadel;Gebüschwälder;;;
1047.00016;47HG  ;;;;;;;;;;;;;;;;;GüN;GEN;Gebüschwälder Nadel;Gebüschwälder;;;
1047.1;47*G  ;;;;;;;;;;;;;;;;;GüN;GEN;Gebüschwälder Nadel;Gebüschwälder;;;
1048;48G   ;;;;;;;;;;;;;;;;;GüN;GEN;Gebüschwälder Nadel;Gebüschwälder;;;
1049;49G   ;;;;;;;;;;;;;;;;;GüN;GEN;Gebüschwälder Nadel;Gebüschwälder;;;
1049.1;49*G  ;;;;;;;;;;;;;;;;;GüN;GEN;Gebüschwälder Nadel;Gebüschwälder;;;
1050;50G   ;;;;;;;;;;;;;;;;;GüN;GEN;Gebüschwälder Nadel;Gebüschwälder;;;
1050.000003;50FeG ;;;;;;;;;;;;;;;;;GüN;GEN;Gebüschwälder Nadel;Gebüschwälder;;;
1050.00008;50PG  ;;;;;;;;;;;;;;;;;GüN;GEN;Gebüschwälder Nadel;Gebüschwälder;;;
1050.1;50*G  ;;;;;;;;;;;;;;;;;GüN;GEN;Gebüschwälder Nadel;Gebüschwälder;;;
1051;51G   ;;;;;;;;;;;;;;;;;GüN;GEN;Gebüschwälder Nadel;Gebüschwälder;;;
1051.000003;51FeG ;;;;;;;;;;;;;;;;;GüN;GEN;Gebüschwälder Nadel;Gebüschwälder;;;
1051.00002;51CG  ;;;;;;;;;;;;;;;;;GüN;GEN;Gebüschwälder Nadel;Gebüschwälder;;;
1052;52G   ;;;;;;;;;;;;;;;;;GüN;GEN;Gebüschwälder Nadel;Gebüschwälder;;;
1052.00013;52TG  ;;;;;;;;;;;;;;;;;GüN;GEN;Gebüschwälder Nadel;Gebüschwälder;;;
1053;53G   ;;;;;;;;;;;;;;;;;GüN;GEN;Gebüschwälder Nadel;Gebüschwälder;;;
1053;53TaG ;;;;;;;;;;;;;;;;;GüN;GEN;Gebüschwälder Nadel;Gebüschwälder;;;
1053.1;53*G  ;;;;;;;;;;;;;;;;;GüN;GEN;Gebüschwälder Nadel;Gebüschwälder;;;
1054;54G   ;;;;;;;;;;;;;;;;;GüN;GEN;Gebüschwälder Nadel;Gebüschwälder;;;
1055;55G   ;;;;;;;;;;;;;;;;;GüN;GEN;Gebüschwälder Nadel;Gebüschwälder;;;
1055.1;55*G  ;;;;;;;;;;;;;;;;;GüN;GEN;Gebüschwälder Nadel;Gebüschwälder;;;
1056;56G   ;;;;;;;;;;;;;;;;;GüN;GEN;Gebüschwälder Nadel;Gebüschwälder;;;
1057.000002;57BlG ;;;;;;;;;;;;;;;;;GüN;GEN;Gebüschwälder Nadel;Gebüschwälder;;;
1057.00002;57CG  ;;;;;;;;;;;;;;;;;GüN;GEN;Gebüschwälder Nadel;Gebüschwälder;;;
1057.00007;57MG  ;;;;;;;;;;;;;;;;;GüN;GEN;Gebüschwälder Nadel;Gebüschwälder;;;
1057.00012;57SG  ;;;;;;;;;;;;;;;;;GüN;GEN;Gebüschwälder Nadel;Gebüschwälder;;;
1057.00014;57VG  ;;;;;;;;;;;;;;;;;GüN;GEN;Gebüschwälder Nadel;Gebüschwälder;;;
1058;58G   ;;;;;;;;;;;;;;;;;GüN;GEN;Gebüschwälder Nadel;Gebüschwälder;;;
1058.00002;58CG  ;;;;;;;;;;;;;;;;;GüN;GEN;Gebüschwälder Nadel;Gebüschwälder;;;
1058.00006;58LG  ;;;;;;;;;;;;;;;;;GüN;GEN;Gebüschwälder Nadel;Gebüschwälder;;;
1059;59G   ;;;;;;;;;;;;;;;;;GüN;GEN;Gebüschwälder Nadel;Gebüschwälder;;;
1059.00001;59AG  ;;;;;;;;;;;;;;;;;GüN;GEN;Gebüschwälder Nadel;Gebüschwälder;;;
1059.00002;59CG  ;;;;;;;;;;;;;;;;;GüN;GEN;Gebüschwälder Nadel;Gebüschwälder;;;
1059.00004;59EG  ;;;;;;;;;;;;;;;;;GüN;GEN;Gebüschwälder Nadel;Gebüschwälder;;;
1059.00005;59JG  ;;;;;;;;;;;;;;;;;GüN;GEN;Gebüschwälder Nadel;Gebüschwälder;;;
1059.00006;59LG  ;;;;;;;;;;;;;;;;;GüN;GEN;Gebüschwälder Nadel;Gebüschwälder;;;
1059.00012;59SG  ;;;;;;;;;;;;;;;;;GüN;GEN;Gebüschwälder Nadel;Gebüschwälder;;;
1059.00014;59VG  ;;;;;;;;;;;;;;;;;GüN;GEN;Gebüschwälder Nadel;Gebüschwälder;;;
1059.1;59*G  ;;;;;;;;;;;;;;;;;GüN;GEN;Gebüschwälder Nadel;Gebüschwälder;;;
1060;60G   ;;;;;;;;;;;;;;;;;GüN;GEN;Gebüschwälder Nadel;Gebüschwälder;;;
1060.00001;60AG  ;;;;;;;;;;;;;;;;;GüN;GEN;Gebüschwälder Nadel;Gebüschwälder;;;
1060.00004;60EG  ;;;;;;;;;;;;;;;;;GüN;GEN;Gebüschwälder Nadel;Gebüschwälder;;;
1060.1;60*G  ;;;;;;;;;;;;;;;;;GüN;GEN;Gebüschwälder Nadel;Gebüschwälder;;;
1060.1;60*TaG;;;;;;;;;;;;;;;;;GüN;GEN;Gebüschwälder Nadel;Gebüschwälder;;;
1061;61G   ;;;;;;;;;;;;;;;;;GüN;GEN;Gebüschwälder Nadel;Gebüschwälder;;;
1062;62G   ;;;;;;;;;;;;;;;;;GüN;GEN;Gebüschwälder Nadel;Gebüschwälder;;;
1065;65G   ;;;;;;;;;;;;;;;;;GüN;GEN;Gebüschwälder Nadel;Gebüschwälder;;;
1065.1;65*G  ;;;;;;;;;;;;;;;;;GüN;GEN;Gebüschwälder Nadel;Gebüschwälder;;;
1066;66G   ;;;;;;;;;;;;;;;;;GüN;GEN;Gebüschwälder Nadel;Gebüschwälder;;;
1066.0001;66PMG ;;;;;;;;;;;;;;;;;PM;GEN;Gebüschwälder Nadel;Gebüschwälder;;;
1067;67G   ;;;;;;;;;;;;;;;;;PM;GEN;Gebüschwälder Nadel;Gebüschwälder;;;
1068;68G   ;;;;;;;;;;;;;;;;;GüN;GEN;Gebüschwälder Nadel;Gebüschwälder;;;
1068.1;68*G  ;;;;;;;;;;;;;;;;;GüN;GEN;Gebüschwälder Nadel;Gebüschwälder;;;
1069;69G   ;;;;;;;;;;;;;;;;;PM;GEN;Gebüschwälder Nadel;Gebüschwälder;;;
1070;70G   ;;;;;;;;;;;;;;;;;PM;GEN;Gebüschwälder Nadel;Gebüschwälder;;;
1071;71G   ;;;;;;;;;;;;;;;;;PM;GEN;Gebüschwälder Nadel;Gebüschwälder;;;
1072;72G   ;;;;;;;;;;;;;;;;;GüN;GEN;Gebüschwälder Nadel;Gebüschwälder;;;
1091;91G   ;;;;;;;;;;;;;;;;;GüL;GEN;Gebüschwälder Nadel;Gebüschwälder;;;
1092.001;92aG  ;;;;;;;;;;;;;;;;;GüL;GEN;Gebüschwälder Nadel;Gebüschwälder;;;
1092.018;92zG  ;;;;;;;;;;;;;;;;;GüL;GEN;Gebüschwälder Nadel;Gebüschwälder;;;
1093;93G   ;;;;;;;;;;;;;;;;;GüL;GEN;Gebüschwälder Nadel;Gebüschwälder;;;
2001;AV    ;;AV;;;;;;;;;;;;;;Grünerlengebüsch;AV;GEL;Gebüschwälder Laub;Gebüschwälder;;;
2002;Samb  ;;;;;;;;;;;;;;;;Gebüschreiche Vorwaldgesellschaft;SA;GEL;Gebüschwälder Laub;Gebüschwälder;;;
2003;Cine  ;;;;;;;;;;;;;;;;Moor-Weidengebüsch;SA;GEL;Gebüschwälder Laub;Gebüschwälder;;;
2004;Wald  ;;;;;;;;;;;;;;;;Gebirgs-Weidengebüsch;SA;GEL;Gebüschwälder Laub;Gebüschwälder;;;
2005;Saro  ;;;;;;;;;;;;;;;;Besenginstergebüsch;GüL;GEL;Gebüschwälder Laub;Gebüschwälder;;;
2006;Berb  ;;;;;;;;;;;;;;;;Trockenwarmes Gebüsch;GüL;GEL;Gebüschwälder Laub;Gebüschwälder;;;
2007;Prun  ;;;;;;;;;;;;;;;;Mesophiles Gebüsch;GüL;GEL;Gebüschwälder Laub;Gebüschwälder;;;
2008;Rubi  ;;;;;;;;;;;;;;;;Brombeergestrüpp;GüL;GEL;Gebüschwälder Laub;Gebüschwälder;;;
3000;u     ;;;;;;;;;;;;;;;;Nicht-Wald;u;u;u;u;;;
3001;u-1   ;;;;;;;;;;;;;;;;Siedlung;u;u;u;u;"Überbaute Fläche; Siedlungsgebiet (Verkehrswege; Gebäude inkl. Umschwung/Garten/Park; Sportanalgen)";;
3002;u-2   ;;;;;;;;;;;;;;;;Acker;u;u;u;u;"Acker oder umgepflügte Kunstwiese; Gartenbauflächen; Reben";;
3003;u-3   ;;;;;;;;;;;;;;;;Fettwiese;u;u;u;u;Intensiv bewirtschaftete (gedüngte) Wiese;;
3004;u-4   ;;;;;;;;;;;;;;;;Fettwiese/Bäume;u;u;u;u;"Fettwiese mit Einzelbäumen; Hecken oder Feldgehölzen";;
3005;u-5   ;;;;;;;;;;;;;;;;Weide;u;u;u;u;Wiese (intensiv beweidet);;
3006;u-6   ;;;;;;;;;;;;;;;;Wytweide;u;u;u;u;"Bestockte Weide; Wytweide; aufgelöste Bestockung (mässig intensiv beweidet)";;
3007;u-7   ;;;;;;;;;;;;;;;;Hochstauden;u;u;u;u;Hochstaudenflur (inkl. Farne);;
3008;u-8   ;;;;;;;;;;;;;;;;Magerwiese;u;u;u;u;"Einwachsende Alpweide; Magerwiese; Trockenrasen; (t.Z. extensiv genutzt)";;
3009;u-9   ;;;;;;;;;;;;;;;;Feuchtgebiet;u;u;u;u;"Feuchtgebiet: Ried; Moor; Feuchtwiese; usw. (extensiv oder nicht genutzt)";;
3010;u-10  ;;;;;;;;;;;;;;;;Gewässer;u;u;u;u;"Offenes Gewässer (See; Fluss)";;
3011;u-11  ;;;;;;;;;;;;;;;;Fels/Schutt;u;u;u;u;Fels; Ruderalflächen;" Ödland (überwiegend vegetationslos)"""
58.000003;58Fe  ;;;;N;;;;;;;;;;;;;;;;;;;
9999;nb    ;;;;;;;;;;;;;;;;Nicht begehbar und aus der Ferne nicht ansprechbar;nb;nb;nb;nb;;;
